321.87335,-0.000012
321.979715,-0.000007
322.086088,-0.000012
322.192469,-0.000014
322.298858,-0.000006
322.405255,-0.000007
322.51166,-0.000018
322.618073,0.000002
322.724494,-0.000009
322.830923,-0.000001
322.93736,-0.000003
323.043805,-0.000004
323.150258,-0.000028
323.256719,-0.00002
323.363188,-0.000003
323.469665,-0.000001
323.576149,0.000001
323.682642,0.000005
323.789143,-0.000006
323.895651,-0.000004
324.002168,-0.000022
324.108692,-0.000007
324.215225,0.000001
324.321765,-0.000014
324.428313,-0.000015
324.534869,-0.000017
324.641434,-0.000034
324.748006,-0.000011
324.854586,-0.000006
324.961174,-0.000014
325.06777,-0.000015
325.174373,0.000012
325.280985,-0.000012
325.387605,-0.000001
325.494232,-0.000012
325.600868,-0.000014
325.707511,-0.000003
325.814162,0.000002
325.920821,-0.000015
326.027488,-0.000001
326.134163,-0.000012
326.240846,-0.000001
326.347537,-0.000012
326.454236,-0.000014
326.560942,-0.000003
326.667656,-0.000001
326.774379,-0.000003
326.881109,-0.000001
326.987847,-0.000012
327.094593,0.000002
327.201347,-0.000012
327.308108,0.000012
327.414878,-0.000015
327.521655,0.000008
327.628441,-0.000012
327.735234,-0.000011
327.842035,0.000004
327.948844,-0.000001
328.05566,-0.000006
328.162485,-0.000007
328.269317,-0.000006
328.376158,-0.000007
328.483006,-0.000003
328.589862,-0.000014
328.696725,-0.000009
328.803597,0.000002
328.910476,0.000007
329.017364,0.000005
329.124259,0.000001
329.231162,-0.000004
329.338073,-0.000006
329.444991,0.000008
329.551918,0.000001
329.658852,-0.000001
329.765794,-0.000012
329.872744,-0.000011
329.979701,-0.000006
330.086667,-0.000007
330.19364,-0.000003
330.300621,-0.000007
330.40761,-0.000006
330.514607,-0.000004
330.621611,-0.000018
330.728624,-0.000001
330.835644,-0.000003
330.942672,-0.000001
331.049707,-0.000006
331.156751,-0.000014
331.263802,-0.000006
331.370861,-0.000014
331.477928,-0.000012
331.585002,0.000008
331.692085,-0.000009
331.799175,-0.000007
331.906273,-0.000015
332.013378,-0.000014
332.120492,-0.000022
332.227613,-0.000011
332.334742,-0.000006
332.441879,-0.000001
332.549023,-0.000009
332.656175,-0.000014
332.763335,-0.000006
332.870503,-0.000011
332.977678,-0.000009
333.084861,-0.000004
333.192052,0.000001
333.299251,-0.000014
333.406457,0.000001
333.513671,-0.000007
333.620893,0.000007
333.728123,-0.000011
333.83536,-0.000012
333.942605,-0.000011
334.049858,-0.000018
334.157118,-0.00002
334.264386,-0.000012
334.371662,-0.00002
334.478946,-0.000006
334.586237,-0.000011
334.693536,-0.000009
334.800843,-0.000001
334.908157,0.000007
335.015479,-0.000007
335.122809,0.000004
335.230146,-0.000007
335.337492,-0.000003
335.444844,-0.000007
335.552205,-0.000025
335.659573,-0.000011
335.766949,0.000004
335.874333,-0.000001
335.981724,-0.000009
336.089123,-0.000004
336.19653,0.000001
336.303944,-0.000007
336.411366,0.000007
336.518795,-0.000007
336.626233,-0.000012
336.733678,-0.000001
336.84113,-0.000003
336.94859,-0.000001
337.056058,-0.000009
337.163534,0.000002
337.271017,0.000001
337.378508,-0.000014
337.486006,-0.000006
337.593512,0.000008
337.701026,-0.000012
337.808548,0.000005
337.916077,0.000007
338.023613,-0.000014
338.131158,-0.000003
338.238709,0.000002
338.346269,-0.000006
338.453836,-0.000007
338.561411,0.000004
338.668993,-0.000007
338.776583,0.000004
338.884181,-0.000007
338.991786,-0.000006
339.099399,-0.000011
339.207019,-0.000009
339.314647,0.000002
339.422283,0.000004
339.529926,0.000005
339.637577,-0.000006
339.745235,0.000005
339.852901,-0.000006
339.960575,-0.000004
340.068256,-0.000006
340.175945,0.000005
340.283641,-0.000006
340.391345,0.000012
340.499057,-0.000003
340.606776,-0.000001
340.714502,-0.000018
340.822236,-0.000014
340.929978,0.000004
341.037727,-0.000011
341.145484,-0.000018
341.253249,-0.000011
341.361021,-0.000009
341.4688,-0.000011
341.576587,-0.000018
341.684382,-0.000017
341.792184,-0.000018
341.899994,-0.000001
342.007811,-0.000012
342.115636,0.000002
342.223468,-0.000012
342.331308,-0.000004
342.439156,-0.000009
342.547011,-0.000004
342.654873,-0.000006
342.762743,0.000005
342.870621,-0.000025
342.978506,-0.000004
343.086398,-0.000012
343.194298,-0.000014
343.302206,-0.000018
343.410121,-0.000001
343.518044,-0.000006
343.625974,-0.000011
343.733911,-0.000009
343.841856,-0.000004
343.949809,-0.000003
344.057769,-0.000004
344.165737,-0.000012
344.273712,-0.000004
344.381694,0.000004
344.489684,-0.000004
344.597682,0.000001
344.705687,-0.000001
344.813699,-0.000015
344.921719,-0.000001
345.029747,0.000001
345.137782,0.000005
345.245824,-0.000003
345.353874,0.000002
345.461931,-0.000015
345.569996,-0.000001
345.678068,0.000001
345.786148,-0.000004
345.894235,-0.000003
346.00233,-0.000023
346.110432,0.000001
346.218541,0.000005
346.326658,0.000001
346.434782,0.000015
346.542914,-0.000009
346.651053,-0.000017
346.7592,-0.000015
346.867354,-0.000001
346.975516,0.000001
347.083685,0.000005
347.191861,-0.000006
347.300045,-0.000004
347.408236,-0.000015
347.516435,-0.000007
347.624641,-0.000009
347.732854,0.000002
347.841075,-0.000003
347.949304,-0.000007
348.057539,-0.000015
348.165782,-0.000001
348.274033,-0.000009
348.382291,-0.000014
348.490556,-0.000003
348.598829,-0.000001
348.707109,0.000001
348.815396,-0.000014
348.923691,-0.000018
349.031994,-0.000001
349.140303,-0.000006
349.24862,-0.000004
349.356945,-0.000018
349.465276,-0.000011
349.573615,-0.000018
349.681962,-0.000014
349.790316,-0.000006
349.898677,-0.000001
350.007046,-0.000006
350.115422,-0.000004
350.223805,-0.000003
350.332196,-0.000004
350.440594,0.000001
350.548999,-0.00002
350.657412,-0.000003
350.765832,-0.000007
350.874259,-0.000009
350.982694,-0.000004
351.091136,-0.000018
351.199585,-0.000004
351.308042,-0.000009
351.416506,-0.00002
351.524978,-0.000003
351.633456,0.000012
351.741943,-0.000009
351.850436,-0.000004
351.958937,-0.000009
352.067445,-0.00002
352.17596,-0.000006
352.284483,-0.000001
352.393013,-0.000015
352.50155,-0.000017
352.610094,0.00001
352.718646,-0.000014
352.827205,0.000001
352.935772,-0.000014
353.044346,0.000001
353.152927,-0.000007
353.261515,-0.000006
353.370111,-0.000007
353.478714,-0.000003
353.587324,-0.000007
353.695941,0.000001
353.804566,-0.000011
353.913198,-0.000012
354.021837,-0.000007
354.130484,-0.000006
354.239138,-0.000007
354.347799,0.000001
354.456467,0.000005
354.565143,-0.000003
354.673826,0.000002
354.782516,0.000001
354.891213,-0.000001
354.999918,0.000001
355.10863,-0.000004
355.217349,-0.000009
355.326075,-0.000007
355.434809,0.000001
355.54355,-0.000007
355.652298,-0.000006
355.761053,-0.000001
355.869816,0.000004
355.978586,0.000002
356.087363,-0.000025
356.196147,-0.000004
356.304939,-0.000012
356.413737,-0.000007
356.522543,0.000016
356.631356,-0.000017
356.740177,0.000016
356.849004,-0.000014
356.957839,-0.000009
357.066681,-0.000001
357.17553,-0.000006
357.284386,-0.000014
357.39325,-0.000006
357.502121,-0.000014
357.610999,-0.000009
357.719884,0.000002
357.828776,-0.000003
357.937676,-0.000023
358.046582,-0.000006
358.155496,-0.000001
358.264417,-0.000012
358.373346,-0.000014
358.482281,-0.000006
358.591224,-0.000011
358.700173,-0.000012
358.80913,-0.000029
358.918094,0.000001
359.027066,-0.000001
359.136044,-0.000006
359.24503,-0.000014
359.354022,-0.000012
359.463022,0.000012
359.572029,-0.000009
359.681043,-0.000004
359.790065,-0.000009
359.899093,-0.000007
360.008129,-0.000025
360.117172,-0.000017
360.226221,-0.000003
360.335278,-0.000004
360.444343,0.000004
360.553414,-0.000007
360.662492,-0.000006
360.771578,0.000015
360.88067,-0.000006
360.98977,-0.000017
361.098877,-0.000009
361.207991,-0.000007
361.317112,-0.000006
361.42624,0.000002
361.535376,-0.000009
361.644518,-0.000001
361.753667,-0.000018
361.862824,-0.000007
361.971988,0.00001
362.081159,-0.000007
362.190336,-0.000009
362.299521,-0.000001
362.408713,0.000001
362.517913,0.000008
362.627119,-0.000003
362.736332,-0.000004
362.845553,0.000004
362.95478,-0.000011
363.064015,-0.000006
363.173256,-0.000001
363.282505,-0.000012
363.391761,-0.000017
363.501023,-0.000006
363.610293,0.000005
363.71957,-0.000009
363.828854,-0.000004
363.938145,-0.000003
364.047443,-0.000007
364.156748,-0.000006
364.266061,0.000005
364.37538,-0.000009
364.484706,-0.000001
364.594039,0.000001
364.70338,-0.000007
364.812727,-0.000003
364.922082,-0.000004
365.031443,-0.000009
365.140811,0.000005
365.250187,-0.000009
365.359569,-0.000007
365.468959,0.000007
365.578355,0.000012
365.687759,-0.000009
365.79717,0.000005
365.906587,-0.000009
366.016012,-0.000001
366.125443,-0.000022
366.234882,-0.000007
366.344328,-0.000003
366.45378,-0.000007
366.56324,-0.000006
366.672706,-0.000001
366.78218,-0.000009
366.89166,-0.000001
367.001148,-0.000009
367.110642,0.000005
367.220144,-0.000022
367.329652,-0.000004
367.439168,-0.000015
367.54869,-0.000001
367.65822,-0.000025
367.767756,-0.000007
367.877299,-0.000018
367.98685,-0.000007
368.096407,0.000001
368.205971,-0.000004
368.315542,-0.000006
368.425121,-0.00002
368.534706,-0.000006
368.644298,-0.000001
368.753897,0.000004
368.863503,-0.000001
368.973115,-0.000022
369.082735,0.000015
369.192362,-0.000012
369.301996,-0.000011
369.411636,-0.000009
369.521284,-0.000004
369.630938,-0.000006
369.7406,-0.000007
369.850268,-0.000003
369.959943,-0.000004
370.069625,-0.000022
370.179315,0.000015
370.289011,-0.000006
370.398713,0.000002
370.508423,-0.000009
370.61814,-0.000014
370.727864,0.000001
370.837594,-0.000004
370.947331,-0.000012
371.057076,0.000002
371.166827,-0.000006
371.276585,-0.000001
371.38635,-0.000003
371.496122,0.000002
371.605901,-0.000006
371.715686,-0.000011
371.825479,0.000001
371.935278,0.000005
372.045085,-0.000003
372.154898,0.000005
372.264718,0.000004
372.374545,-0.000011
372.484378,0.000001
372.594219,-0.000011
372.704066,-0.000003
372.813921,0.000002
372.923782,0.000001
373.03365,0.000002
373.143525,0.000004
373.253407,0.000005
373.363295,0.00001
373.47319,0.000002
373.583093,0.000001
373.693002,-0.000007
373.802918,0.000004
373.912841,-0.000007
374.02277,-0.000003
374.132707,-0.000004
374.24265,-0.000009
374.3526,0.000002
374.462557,-0.000015
374.572521,-0.000011
374.682491,-0.000018
374.792468,0.000002
374.902453,-0.000003
375.012444,-0.000011
375.122441,-0.000006
375.232446,-0.000004
375.342457,0.000001
375.452475,-0.000011
375.5625,-0.000006
375.672532,-0.000017
375.782571,-0.000022
375.892616,-0.000004
376.002668,-0.000015
376.112727,0.000002
376.222793,-0.000022
376.332865,-0.000014
376.442945,-0.000012
376.553031,-0.000017
376.663124,-0.000012
376.773223,-0.000004
376.883329,-0.000006
376.993443,-0.000001
377.103562,-0.000003
377.213689,-0.000001
377.323823,-0.000012
377.433963,-0.000048
377.54411,-0.000009
377.654263,-0.000011
377.764424,-0.000003
377.874591,-0.000017
377.984765,-0.000003
378.094945,-0.000004
378.205133,0.000007
378.315327,0.000002
378.425528,-0.000009
378.535735,-0.000048
378.64595,-0.000012
378.756171,-0.000011
378.866399,-0.000009
378.976633,-0.000014
379.086874,-0.000006
379.197122,0.000008
379.307377,-0.000009
379.417638,-0.000004
379.527906,0.00001
379.638181,-0.000014
379.748463,-0.000003
379.858751,0.000008
379.969046,0.000004
380.079347,0.000012
380.189655,-0.000009
380.29997,-0.000004
380.410292,0.000001
380.520621,0.000012
380.630956,-0.000003
380.741297,0.000018
380.851646,-0.000003
380.962001,-0.000004
381.072363,0.000004
381.182731,-0.000001
381.293106,0.000007
381.403488,-0.000007
381.513876,0.000001
381.624271,-0.000017
381.734673,-0.000003
381.845082,-0.000014
381.955497,-0.000006
382.065918,0.000005
382.176347,-0.000003
382.286782,-0.000007
382.397224,0.000004
382.507672,-0.000004
382.618127,0.000001
382.728589,0.000008
382.839057,-0.000003
382.949532,-0.000001
383.060013,-0.000003
383.170501,-0.000007
383.280996,0.000001
383.391498,0.000005
383.502006,-0.000003
383.61252,-0.000004
383.723042,-0.000015
383.833569,-0.000001
383.944104,-0.000006
384.054645,0.000002
384.165193,0.000004
384.275747,-0.000001
384.386308,-0.000018
384.496876,0.000005
384.60745,-0.000009
384.71803,-0.00002
384.828618,-0.000012
384.939212,-0.000007
385.049812,0.000001
385.160419,0.000002
385.271033,0.000001
385.381653,-0.000007
385.49228,-0.000012
385.602914,-0.000001
385.713554,0.000001
385.8242,-0.000017
385.934853,-0.000006
386.045513,-0.000007
386.156179,-0.000003
386.266852,-0.000004
386.377531,-0.000006
386.488217,-0.000017
386.59891,0.000001
386.709609,0.000002
386.820315,-0.000015
386.931027,-0.000007
387.041746,-0.000003
387.152471,-0.000014
387.263203,-0.000012
387.373941,0.000008
387.484686,-0.000012
387.595437,-0.000014
387.706195,-0.000009
387.81696,0.000002
387.927731,0.000004
388.038508,-0.000001
388.149292,-0.000012
388.260083,0.000002
388.37088,0.000004
388.481683,0.000002
388.592493,-0.000006
388.70331,-0.000011
388.814133,-0.000006
388.924963,-0.000004
389.035799,-0.000009
389.146642,-0.000004
389.257491,-0.000009
389.368346,0.000005
389.479208,-0.000003
389.590077,-0.000004
389.700952,-0.000003
389.811834,-0.000007
389.922722,-0.000006
390.033616,-0.000011
390.144517,-0.000006
390.255425,0.000008
390.366339,0.000001
390.477259,-0.000004
390.588186,-0.000009
390.69912,0.000015
390.810059,-0.000015
390.921006,-0.000001
391.031959,-0.000012
391.142918,-0.000007
391.253883,-0.000003
391.364856,0.000005
391.475834,-0.000006
391.586819,-0.000007
391.697811,-0.000006
391.808809,-0.000007
391.919813,-0.000012
392.030824,0.000008
392.141841,-0.000022
392.252865,-0.000014
392.363895,-0.000012
392.474931,-0.000004
392.585974,-0.000018
392.697023,0.000002
392.808079,-0.00004
392.919141,-0.000007
393.03021,-0.000003
393.141285,-0.000017
393.252367,0.000007
393.363454,-0.000004
393.474549,0.000001
393.585649,0.000015
393.696756,-0.000009
393.80787,-0.000014
393.91899,-0.000022
394.030116,-0.000014
394.141249,-0.000015
394.252388,-0.000011
394.363533,0.000001
394.474685,-0.000017
394.585843,-0.000006
394.697008,-0.000011
394.808179,0.000007
394.919356,-0.000004
395.03054,-0.000009
395.14173,-0.000017
395.252926,-0.000006
395.364129,-0.000004
395.475338,-0.000006
395.586553,0.000005
395.697775,-0.000012
395.809004,-0.000001
395.920238,-0.000006
396.031479,-0.000001
396.142726,-0.000009
396.25398,-0.000007
396.36524,-0.000006
396.476506,-0.000004
396.587779,-0.000012
396.699058,0.000008
396.810343,-0.000006
396.921635,0.000002
397.032933,0.00001
397.144237,0.000018
397.255548,-0.000015
397.366865,-0.000001
397.478188,0.000007
397.589518,0.000008
397.700854,-0.000015
397.812196,0.000012
397.923544,0.000007
398.034899,0.000002
398.14626,-0.000009
398.257628,0.000005
398.369001,-0.000006
398.480381,0.000012
398.591768,-0.000009
398.70316,0.000002
398.814559,-0.000012
398.925964,0.000002
399.037376,-0.000006
399.148794,-0.000004
399.260218,-0.000003
399.371648,-0.000004
399.483085,-0.000006
399.594528,-0.000001
399.705977,0.000001
399.817432,-0.00002
399.928894,-0.000015
400.040362,0.000008
400.151836,-0.000009
400.263316,0.000005
400.374803,-0.000012
400.486296,-0.000007
400.597795,-0.000015
400.709301,-0.000001
400.820813,-0.000012
400.932331,-0.000004
401.043855,-0.000003
401.155385,-0.000007
401.266922,0.000001
401.378465,-0.000011
401.490014,0.000007
401.601569,-0.000023
401.713131,-0.000009
401.824699,-0.000001
401.936273,-0.000009
402.047853,-0.000004
402.15944,-0.000009
402.271032,0.000005
402.382631,-0.000006
402.494236,-0.000001
402.605848,-0.000009
402.717465,-0.000001
402.829089,-0.000003
402.940719,-0.000007
403.052355,-0.000009
403.163998,-0.000001
403.275646,-0.000022
403.387301,0.000008
403.498962,-0.000015
403.610629,-0.000014
403.722302,-0.000009
403.833982,-0.000007
403.945667,-0.000018
404.057359,-0.000033
404.169057,-0.000022
404.280761,-0.000014
404.392472,-0.000022
404.504188,-0.000007
404.615911,-0.000018
404.72764,-0.000011
404.839375,-0.000009
404.951116,-0.000004
405.062863,-0.000018
405.174617,-0.000001
405.286376,-0.000003
405.398142,-0.000007
405.509914,-0.000015
405.621692,-0.000007
405.733476,-0.000006
405.845266,0.000002
405.957063,0.000001
406.068865,-0.000001
406.180674,-0.000006
406.292489,0.000008
406.40431,-0.000006
406.516137,-0.000001
406.62797,0.000007
406.73981,-0.000007
406.851655,-0.000015
406.963507,-0.000001
407.075364,-0.000009
407.187228,0.000002
407.299098,-0.000009
407.410974,-0.000011
407.522856,-0.000006
407.634744,-0.000004
407.746639,0.00001
407.858539,-0.000004
407.970446,-0.000006
408.082358,-0.000017
408.194277,0.000001
408.306202,-0.000004
408.418133,-0.000015
408.530069,0.000015
408.642012,-0.000009
408.753962,-0.000004
408.865917,-0.000003
408.977878,-0.000014
409.089845,-0.000028
409.201819,-0.000011
409.313798,0.000001
409.425783,0.000005
409.537775,-0.000009
409.649773,-0.000007
409.761776,-0.000003
409.873786,-0.00002
409.985802,-0.000009
410.097823,-0.000014
410.209851,-0.000003
410.321885,0.000005
410.433925,-0.000009
410.545971,-0.000011
410.658023,0.000001
410.770081,-0.000017
410.882145,-0.000003
410.994215,-0.000001
411.106291,0.000001
411.218373,0.000002
411.330461,0.000007
411.442556,-0.000001
411.554656,-0.000012
411.666762,-0.000014
411.778874,-0.000012
411.890992,-0.000017
412.003117,-0.000009
412.115247,-0.00002
412.227383,-0.000012
412.339525,-0.000011
412.451673,-0.000009
412.563828,-0.000026
412.675988,-0.000009
412.788154,0.000002
412.900326,-0.000012
413.012504,-0.000007
413.124688,-0.000012
413.236879,-0.000007
413.349075,0.000004
413.461277,-0.000007
413.573485,0.000004
413.685699,-0.000017
413.797919,-0.000006
413.910145,-0.000001
414.022376,-0.000015
414.134614,-0.000004
414.246858,0.000004
414.359108,-0.000007
414.471364,-0.000009
414.583625,-0.000017
414.695893,0.000007
414.808166,-0.000011
414.920446,-0.000012
415.032731,-0.000007
415.145023,-0.000009
415.25732,-0.000011
415.369623,-0.000012
415.481932,-0.000004
415.594248,-0.000009
415.706569,-0.000014
415.818896,0.000001
415.931228,-0.000007
416.043567,-0.000006
416.155912,0.000005
416.268263,-0.000009
416.380619,-0.000007
416.492982,0.000001
416.60535,0.000002
416.717724,-0.000003
416.830104,-0.000004
416.94249,-0.000003
417.054882,0.000005
417.16728,-0.000009
417.279684,0.000008
417.392093,-0.000022
417.504509,0.000008
417.61693,-0.000012
417.729358,-0.000014
417.841791,-0.000003
417.95423,0.000008
418.066675,-0.000006
418.179126,0.000008
418.291582,-0.000003
418.404045,-0.000004
418.516513,-0.000006
418.628987,-0.000011
418.741467,-0.000003
418.853953,-0.000004
418.966445,-0.000009
419.078943,-0.000007
419.191446,0.000001
419.303956,-0.000001
419.416471,-0.000015
419.528992,-0.000014
419.641519,-0.000006
419.754052,-0.000001
419.86659,-0.000006
419.979135,-0.000029
420.091685,-0.000006
420.204241,-0.000004
420.316803,-0.000006
420.429371,-0.000004
420.541944,0.000001
420.654524,-0.000017
420.767109,-0.000003
420.8797,-0.000004
420.992297,-0.000006
421.104899,-0.000007
421.217508,0.000001
421.330122,-0.000017
421.442742,-0.000022
421.555368,0.000005
421.667999,-0.000012
421.780637,0.000015
421.89328,-0.000012
422.005929,-0.000007
422.118584,-0.000012
422.231244,-0.000007
422.343911,-0.000009
422.456583,-0.00002
422.569261,-0.000009
422.681945,-0.000014
422.794634,-0.000006
422.907329,0.000002
423.02003,-0.000003
423.132737,-0.000001
423.24545,-0.000009
423.358168,-0.000004
423.470892,-0.000003
423.583622,-0.000001
423.696357,-0.000018
423.809099,-0.000001
423.921846,-0.000009
424.034599,0.000005
424.147357,-0.000006
424.260122,-0.000007
424.372892,0.00001
424.485667,-0.00002
424.598449,-0.000012
424.711236,-0.000007
424.824029,0.00001
424.936828,0.000015
425.049632,-0.000003
425.162443,-0.000011
425.275258,-0.000009
425.38808,-0.000001
425.500907,0.000004
425.61374,-0.000001
425.726579,-0.000003
425.839424,0.000002
425.952274,0.000007
426.06513,-0.000007
426.177991,-0.000006
426.290858,-0.000004
426.403731,-0.000009
426.51661,-0.000001
426.629494,0.000001
426.742384,0.000005
426.85528,-0.000012
426.968181,-0.000004
427.081089,-0.000006
427.194001,0.000008
427.30692,-0.000015
427.419844,-0.000001
427.532774,-0.000006
427.645709,-0.000014
427.75865,-0.000012
427.871597,-0.000004
427.984549,-0.000009
428.097508,-0.000007
428.210471,-0.000006
428.323441,-0.000007
428.436416,-0.000009
428.549397,-0.00002
428.662383,-0.000006
428.775375,-0.000014
428.888373,-0.000006
429.001376,-0.000007
429.114385,-0.000009
429.227399,-0.000014
429.34042,-0.000003
429.453446,0.000002
429.566477,0.000004
429.679514,0.000008
429.792557,-0.000012
429.905605,-0.000007
430.018659,-0.000015
430.131719,-0.000014
430.244784,-0.000015
430.357855,-0.000007
430.470931,0.000001
430.584013,-0.000014
430.697101,-0.000009
430.810194,-0.000001
430.923293,-0.000031
431.036397,0.00004
431.149507,-0.000053
431.262623,0.000027
431.375744,-0.000063
431.488871,0.000037
431.602003,-0.000053
431.715141,0.000027
431.828285,-0.000053
431.941434,0.00003
432.054589,-0.000047
432.167749,0.000024
432.280915,-0.000056
432.394086,0.00003
432.507263,-0.00005
432.620446,0.000018
432.733634,-0.000044
432.846827,0.000034
432.960026,-0.000047
433.073231,0.00003
433.186442,-0.00004
433.299657,0.000034
433.412879,-0.000053
433.526106,0.00004
433.639338,-0.00005
433.752576,0.000037
433.86582,-0.000047
433.979069,0.000024
434.092324,-0.000037
434.205584,0.00003
434.318849,-0.000047
434.432121,0.000027
434.545397,-0.000037
434.65868,0.000037
434.771967,-0.000037
434.885261,0.00003
434.99856,-0.000056
435.111864,-0.000007
435.225174,0.006581
435.338489,0.008225
435.45181,0.000653
435.565136,-0.000014
435.678468,-0.0001
435.791805,0.000005
435.905148,-0.000075
436.018497,0.000015
436.13185,-0.000056
436.24521,0.000021
436.358574,-0.000059
436.471945,0.00003
436.58532,-0.000063
436.698702,0.00003
436.812088,-0.000053
436.92548,0.000049
437.038878,-0.00004
437.152281,0.000046
437.26569,-0.00005
437.379104,0.000024
437.492523,-0.000056
437.605948,0.00003
437.719379,-0.000044
437.832814,0.000037
437.946256,-0.000037
438.059702,0.000012
438.173155,-0.000059
438.286612,0.000027
438.400075,-0.000044
438.513544,0.000024
438.627018,-0.000044
438.740497,0.000037
438.853982,-0.000053
438.967472,0.000021
439.080968,-0.000053
439.194469,0.000024
439.307975,-0.00005
439.421487,0.000027
439.535005,-0.000047
439.648527,0.000034
439.762056,-0.000047
439.875589,0.000034
439.989128,-0.00004
440.102673,0.000027
440.216222,-0.00005
440.329777,0.000024
440.443338,-0.000056
440.556904,0.000037
440.670475,-0.00005
440.784052,0.000024
440.897634,-0.00005
441.011222,0.000034
441.124815,-0.000056
441.238413,0.000046
441.352017,-0.000047
441.465626,0.000034
441.57924,-0.00005
441.69286,0.00003
441.806485,-0.000047
441.920116,0.000046
442.033752,-0.000056
442.147393,0.000027
442.261039,-0.000047
442.374691,0.000037
442.488349,-0.000044
442.602011,0.000037
442.715679,-0.000047
442.829353,0.000043
442.943031,-0.00005
443.056715,0.000034
443.170405,-0.00004
443.2841,0.000046
443.3978,-0.000044
443.511505,0.000034
443.625216,-0.000044
443.738932,0.000056
443.852653,-0.000056
443.96638,0.000037
444.080112,-0.000037
444.193849,0.00004
444.307592,-0.000044
444.42134,0.00004
444.535093,-0.000056
444.648852,0.000034
444.762615,-0.000056
444.876385,0.000046
444.990159,-0.000044
445.103939,0.00004
445.217724,-0.000044
445.331514,0.00004
445.44531,-0.000047
445.559111,0.000049
445.672917,-0.00005
445.786729,0.000027
445.900545,-0.000044
446.014367,0.000034
446.128195,-0.000053
446.242027,0.000034
446.355865,-0.000044
446.469709,0.00003
446.583557,-0.00005
446.697411,0.000024
446.81127,-0.00005
446.925134,0.000024
447.039003,-0.000059
447.152878,0.000037
447.266758,-0.000044
447.380643,0.000027
447.494534,-0.000063
447.608429,0.00004
447.72233,-0.000037
447.836237,0.00004
447.950148,-0.00005
448.064065,0.000034
448.177987,-0.000047
448.291914,0.000024
448.405846,-0.000059
448.519784,0.000021
448.633726,-0.000053
448.747674,0.000034
448.861628,-0.000047
448.975586,0.000043
449.08955,-0.000044
449.203519,0.000027
449.317493,-0.000063
449.431472,0.000027
449.545457,-0.000053
449.659446,0.000034
449.773441,-0.00004
449.887441,0.000034
450.001447,-0.000056
450.115457,0.000037
450.229473,-0.000056
450.343494,0.000037
450.45752,-0.00004
450.571551,0.00003
450.685587,-0.000047
450.799629,0.000027
450.913676,-0.00004
451.027728,0.00003
451.141785,-0.00005
451.255847,0.00004
451.369915,-0.000044
451.483987,0.00003
451.598065,-0.000056
451.712148,0.000027
451.826236,-0.000034
451.940329,0.000034
452.054428,-0.000047
452.168531,0.000037
452.28264,-0.00005
452.396754,0.000043
452.510873,-0.000053
452.624997,0.000037
452.739126,-0.00005
452.85326,0.000053
452.9674,-0.000053
453.081544,0.000053
453.195694,-0.000063
453.309849,0.000037
453.424009,-0.000059
453.538174,0.00003
453.652344,-0.000034
453.76652,0.00003
453.8807,-0.000056
453.994886,0.00004
454.109076,-0.000037
454.223272,0.000037
454.337473,-0.000059
454.451679,0.000027
454.56589,-0.000053
454.680106,0.000021
454.794328,-0.000059
454.908554,0.000037
455.022785,-0.000056
455.137022,0.00003
455.251264,-0.000063
455.36551,0.000027
455.479762,-0.000047
455.594019,0.000037
455.708281,-0.000056
455.822548,0.000043
455.93682,-0.000056
456.051097,0.000037
456.165379,-0.00005
456.279666,0.000027
456.393959,-0.00005
456.508256,0.000037
456.622559,-0.00005
456.736866,0.000027
456.851179,-0.000037
456.965496,0.000043
457.079819,-0.000063
457.194146,0.000027
457.308479,-0.000066
457.422817,0.00003
457.53716,-0.000056
457.651507,0.00004
457.76586,-0.00005
457.880218,0.000024
457.994581,-0.000053
458.108949,0.000024
458.223322,-0.000053
458.3377,0.000037
458.452083,-0.000066
458.566471,0.000034
458.680864,-0.000053
458.795262,0.000043
458.909665,-0.000063
459.024073,0.000043
459.138486,-0.00005
459.252904,0.00003
459.367327,-0.000059
459.481755,0.000034
459.596188,-0.000056
459.710626,0.00004
459.825069,-0.000063
459.939517,0.000024
460.05397,-0.000012
460.168427,-0.000007
460.28289,-0.000009
460.397358,-0.000007
460.511831,-0.000009
460.626309,-0.000017
460.740792,0.000004
460.855279,-0.000011
460.969772,-0.000015
461.08427,-0.000011
461.198772,-0.000009
461.31328,-0.000004
461.427792,0.000001
461.54231,-0.000011
461.656832,-0.000009
461.77136,-0.000007
461.885892,-0.000003
462.000429,-0.000004
462.114971,-0.000022
462.229518,-0.000004
462.34407,-0.000012
462.458627,-0.000004
462.573189,0.000001
462.687756,-0.000004
462.802328,0.000004
462.916905,0.000002
463.031486,0.000001
463.146073,0.000002
463.260664,-0.000003
463.37526,-0.000004
463.489862,-0.000022
463.604468,-0.000017
463.719079,-0.000009
463.833695,-0.000001
463.948316,-0.000028
464.062941,0.000008
464.177572,-0.000003
464.292208,0.000008
464.406848,-0.000003
464.521493,-0.000001
464.636144,-0.000012
464.750799,-0.00002
464.865459,-0.000018
464.980124,-0.000011
465.094793,-0.000006
465.209468,-0.000004
465.324147,-0.000022
465.438832,-0.00002
465.553521,-0.000006
465.668215,-0.000026
465.782914,-0.000015
465.897618,-0.000011
466.012326,-0.000015
466.12704,-0.000001
466.241758,-0.000015
466.356481,-0.000001
466.471209,-0.000009
466.585942,-0.000007
466.70068,-0.000015
466.815423,-0.000017
466.93017,-0.000018
467.044922,-0.000007
467.159679,0.000004
467.274441,-0.000004
467.389208,-0.000018
467.503979,-0.000014
467.618756,-0.000018
467.733537,-0.000011
467.848323,-0.000009
467.963114,-0.000001
468.077909,-0.000006
468.19271,-0.000011
468.307515,-0.000009
468.422325,-0.000014
468.53714,-0.000012
468.65196,-0.000011
468.766784,-0.000009
468.881613,-0.000007
468.996447,-0.000012
469.111286,-0.000007
469.22613,-0.000012
469.340978,-0.000007
469.455832,-0.000022
469.57069,-0.000011
469.685552,-0.000022
469.80042,-0.000007
469.915292,-0.000006
470.030169,-0.000007
470.145051,0.000004
470.259938,0.000002
470.374829,-0.000012
470.489725,-0.000017
470.604626,-0.000006
470.719532,0.000002
470.834442,-0.000009
470.949357,-0.000001
471.064277,0.000001
471.179202,-0.000004
471.294131,-0.000012
471.409066,-0.000014
471.524004,-0.000003
471.638948,-0.000001
471.753896,-0.000003
471.868849,0.000012
471.983807,-0.000009
472.09877,0.000005
472.213737,-0.000009
472.328709,-0.000007
472.443686,-0.000006
472.558667,-0.000007
472.673653,-0.000009
472.788644,-0.000014
472.90364,-0.000012
473.01864,-0.000001
473.133645,-0.000003
473.248655,-0.000017
473.363669,0.000001
473.478688,-0.000014
473.593712,-0.000003
473.708741,-0.000007
473.823774,-0.000009
473.938812,-0.000007
474.053854,-0.000012
474.168902,-0.000017
474.283954,-0.000012
474.39901,-0.00002
474.514071,-0.000031
474.629137,-0.000017
474.744208,-0.000028
474.859283,-0.000017
474.974363,-0.000009
475.089448,0.000005
475.204537,-0.000015
475.319631,-0.000014
475.43473,0.000001
475.549833,-0.000011
475.664941,-0.000006
475.780054,-0.000007
475.895171,0.000001
476.010293,-0.000017
476.125419,-0.000006
476.24055,-0.000007
476.355686,-0.000012
476.470827,-0.000014
476.585972,-0.000018
476.701121,-0.000011
476.816276,-0.000025
476.931435,0.000005
477.046598,-0.000015
477.161766,0.000002
477.276939,-0.000018
477.392117,-0.000004
477.507299,-0.000009
477.622485,0.000002
477.737677,-0.000018
477.852873,-0.000017
477.968073,-0.000053
478.083278,0.000005
478.198488,-0.000012
478.313702,-0.000007
478.428921,-0.000006
478.544144,-0.000004
478.659373,-0.000006
478.774605,0.000012
478.889842,-0.000015
479.005084,-0.000004
479.120331,-0.000012
479.235582,-0.000014
479.350837,-0.000009
479.466097,-0.000007
479.581362,-0.000009
479.696631,-0.000001
479.811905,-0.000009
479.927184,0.000008
480.042467,-0.000009
480.157754,-0.000007
480.273046,-0.000012
480.388343,0.000002
480.503644,-0.000009
480.61895,-0.000011
480.73426,-0.000003
480.849575,-0.000011
480.964894,0.000013
481.080218,-0.000014
481.195546,-0.000025
481.310879,-0.000011
481.426217,-0.000003
481.541559,-0.000007
481.656906,0.000007
481.772257,-0.000007
481.887612,-0.000015
482.002972,0.000005
482.118337,-0.000015
482.233706,0.000005
482.34908,-0.000015
482.464458,-0.000001
482.579841,-0.000015
482.695228,-0.000017
482.81062,-0.000009
482.926016,-0.000017
483.041417,-0.000012
483.156822,-0.000014
483.272232,-0.000006
483.387646,-0.000011
483.503064,-0.000015
483.618488,-0.000007
483.733915,-0.000022
483.849347,-0.000029
483.964784,-0.000003
484.080225,-0.000014
484.195671,-0.000003
484.311121,0.000002
484.426575,-0.000012
484.542034,-0.000007
484.657498,-0.000009
484.772966,-0.000007
484.888438,-0.000015
485.003915,0.000002
485.119396,-0.000009
485.234882,-0.000011
485.350372,-0.000009
485.465867,-0.000004
485.581366,-0.000009
485.696869,-0.000004
485.812377,-0.000012
485.92789,-0.00002
486.043406,-0.000018
486.158928,-0.000001
486.274453,0.000001
486.389983,-0.000011
486.505518,-0.000009
486.621057,-0.000011
486.7366,-0.000006
486.852148,-0.000007
486.9677,-0.000009
487.083257,-0.000004
487.198818,-0.000006
487.314384,-0.000004
487.429953,-0.000009
487.545528,-0.000011
487.661106,-0.000003
487.77669,0.000008
487.892277,-0.000009
488.007869,-0.000023
488.123465,-0.000009
488.239066,-0.000004
488.354671,-0.000015
488.47028,-0.000007
488.585894,-0.000018
488.701512,0.000005
488.817135,-0.000015
488.932762,-0.000017
489.048393,-0.000009
489.164029,-0.000001
489.279669,-0.000006
489.395313,-0.000001
489.510962,-0.000034
489.626615,0.000027
489.742273,-0.000056
489.857935,0.000024
489.973601,-0.000056
490.089271,0.000037
490.204946,-0.000044
490.320626,0.00003
490.436309,-0.00005
490.551997,0.000024
490.667689,-0.000044
490.783386,0.000046
490.899087,-0.00004
491.014792,0.000034
491.130502,-0.000059
491.246216,0.000043
491.361934,-0.00004
491.477657,0.000027
491.593384,-0.000047
491.709115,0.000034
491.82485,-0.000059
491.94059,0.000034
492.056334,-0.000066
492.172083,0.000027
492.287836,-0.000053
492.403593,0.000037
492.519354,-0.000066
492.63512,0.000027
492.75089,-0.000056
492.866664,0.000027
492.982443,-0.000044
493.098226,0.000043
493.214013,-0.000053
493.329804,0.00004
493.4456,-0.000056
493.5614,0.00003
493.677204,-0.00005
493.793013,0.00004
493.908826,-0.000047
494.024643,0.000034
494.140464,-0.000063
494.25629,0.00004
494.372119,-0.000059
494.487954,0.000027
494.603792,-0.000056
494.719635,0.000027
494.835482,-0.000056
494.951333,0.000034
495.067188,-0.000053
495.183048,0.00004
495.298912,-0.00005
495.41478,0.00003
495.530652,-0.000053
495.646529,0.00003
495.762409,-0.00005
495.878295,0.00003
495.994184,-0.00005
496.110077,0.000043
496.225975,-0.00005
496.341877,0.000037
496.457783,-0.000047
496.573694,0.00004
496.689608,-0.000053
496.805527,0.000021
496.92145,-0.000056
497.037377,0.000024
497.153309,-0.000063
497.269244,0.00003
497.385184,-0.000063
497.501128,0.000027
497.617077,-0.000053
497.733029,0.000037
497.848986,-0.000063
497.964946,0.000034
498.080911,-0.000053
498.196881,0.00004
498.312854,-0.000044
498.428831,0.000037
498.544813,-0.000066
498.660799,0.000049
498.776789,-0.000044
498.892783,0.000034
499.008782,-0.000056
499.124784,0.000027
499.240791,-0.00005
499.356802,0.000034
499.472817,-0.000044
499.588836,0.000034
499.704859,-0.00005
499.820887,0.000034
499.936918,-0.000047
500.052954,0.000034
500.168994,-0.000056
500.285038,0.000037
500.401086,-0.000056
500.517138,0.000027
500.633195,-0.00005
500.749256,0.000034
500.86532,-0.000044
500.981389,0.00003
501.097462,-0.000044
501.213539,0.00003
501.32962,-0.00005
501.445706,0.000021
501.561795,-0.000044
501.677888,0.000024
501.793986,-0.000053
501.910088,0.00003
502.026194,-0.000059
502.142304,0.00003
502.258418,-0.000053
502.374536,0.00003
502.490658,-0.000066
502.606784,0.000027
502.722915,-0.000047
502.839049,0.000021
502.955188,-0.000034
503.07133,0.000034
503.187477,-0.00004
503.303628,0.000024
503.419783,-0.000056
503.535942,0.00003
503.652105,-0.000063
503.768272,0.000024
503.884443,-0.000053
504.000618,0.000034
504.116797,-0.000063
504.232981,0.00003
504.349168,-0.000059
504.46536,0.000034
504.581555,-0.000053
504.697755,0.000046
504.813958,-0.000059
504.930166,0.000037
505.046377,-0.000056
505.162593,0.000037
505.278813,-0.000047
505.395037,0.000037
505.511264,-0.000047
505.627496,0.000037
505.743732,-0.000056
505.859972,0.00004
505.976216,-0.000063
506.092464,0.000027
506.208716,-0.000047
506.324972,0.000024
506.441232,-0.000063
506.557496,0.000037
506.673764,-0.000056
506.790035,0.000018
506.906311,-0.00005
507.022591,0.000046
507.138875,-0.00004
507.255163,0.000034
507.371455,-0.000034
507.487751,0.000046
507.604051,-0.00005
507.720355,0.000046
507.836663,-0.00005
507.952975,0.00003
508.069291,-0.000056
508.185611,0.000027
508.301934,-0.00005
508.418262,0.000027
508.534594,-0.000047
508.65093,0.000034
508.767269,-0.000063
508.883613,0.000046
508.99996,-0.000056
509.116312,0.00004
509.232667,-0.000034
509.349027,0.00003
509.46539,-0.000044
509.581758,0.000037
509.698129,-0.00005
509.814504,0.000037
509.930883,-0.000056
510.047266,0.000021
510.163653,-0.000056
510.280044,0.000024
510.396439,-0.000044
510.512838,0.000043
510.629241,-0.000044
510.745647,0.00003
510.862058,-0.000044
510.978472,0.000037
511.094891,-0.000053
511.211313,0.000034
511.327739,-0.000059
511.44417,0.000027
511.560604,-0.00005
511.677042,0.000034
511.793483,-0.00005
511.909929,0.000034
512.026379,-0.000044
512.142832,0.000027
512.25929,-0.000059
512.375751,0.00004
512.492216,-0.000056
512.608685,0.00004
512.725158,-0.000066
512.841635,0.00003
512.958116,-0.000053
513.0746,0.000037
513.191089,-0.000053
513.307581,0.000046
513.424077,-0.00004
513.540577,0.000034
513.657081,-0.000063
513.773589,0.000037
513.890101,-0.000044
514.006616,0.000037
514.123136,-0.000044
514.239659,0.000034
514.356186,-0.00005
514.472717,0.00003
514.589251,-0.00005
514.70579,0.00004
514.822332,-0.000047
514.938879,0.00004
515.055429,-0.000053
515.171983,0.000034
515.28854,-0.000044
515.405102,0.000034
515.521667,-0.000059
515.638236,0.000027
515.754809,-0.000063
515.871386,0.000034
515.987967,-0.000059
516.104551,0.000021
516.221139,-0.000059
516.337732,0.000043
516.454327,-0.00005
516.570927,0.00003
516.687531,-0.000056
516.804138,0.00004
516.920749,-0.000063
517.037364,0.000037
517.153982,-0.000063
517.270605,0.00003
517.387231,-0.00005
517.503861,0.00003
517.620495,-0.00005
517.737132,0.00003
517.853774,-0.000056
517.970419,0.000037
518.087067,-0.00005
518.20372,0.000034
518.320376,-0.000047
518.437037,0.000034
518.553701,-0.000047
518.670368,0.000043
518.78704,-0.000059
518.903715,0.000024
519.020394,-0.00005
519.137076,0.00003
519.253763,-0.000012
519.370453,-0.000011
519.487147,-0.000009
519.603845,-0.000001
519.720546,0.000004
519.837251,-0.000004
519.95396,-0.000015
520.070672,-0.00002
520.187389,-0.000015
520.304109,-0.000007
520.420832,-0.000009
520.53756,-0.000014
520.654291,-0.000006
520.771026,-0.000017
520.887765,-0.000015
521.004507,-0.00002
521.121253,-0.000018
521.238003,0.000005
521.354756,-0.000003
521.471513,-0.00002
521.588274,-0.000015
521.705039,-0.000029
521.821807,-0.000006
521.938579,-0.000001
522.055354,-0.000012
522.172133,-0.000014
522.288916,-0.000009
522.405703,-0.00002
522.522493,-0.000012
522.639287,-0.000011
522.756085,-0.000018
522.872886,-0.000017
522.989691,-0.000009
523.1065,-0.000026
523.223312,-0.000018
523.340128,-0.000017
523.456948,-0.000022
523.573771,-0.000017
523.690598,-0.000012
523.807429,-0.000023
523.924263,-0.000015
524.041101,-0.00002
524.157943,-0.000018
524.274788,-0.000017
524.391637,-0.000022
524.508489,-0.000007
524.625345,-0.000018
524.742205,-0.000023
524.859068,-0.000028
524.975935,-0.000011
525.092806,-0.000025
525.20968,-0.000029
525.326558,-0.000037
525.443439,-0.000029
525.560324,-0.000015
525.677213,-0.000023
525.794105,-0.000028
525.911001,-0.000029
526.027901,-0.00004
526.144804,-0.000026
526.261711,-0.000025
526.378621,-0.000017
526.495535,-0.000018
526.612452,-0.000042
526.729374,-0.000044
526.846298,-0.000042
526.963227,-0.000034
527.080158,-0.000039
527.197094,-0.000025
527.314033,-0.000039
527.430975,-0.000037
527.547922,-0.000051
527.664871,-0.00005
527.781825,-0.000051
527.898782,-0.00005
528.015742,-0.000048
528.132706,-0.000056
528.249674,-0.000042
528.366645,-0.00005
528.483619,-0.000055
528.600598,-0.000037
528.717579,-0.000051
528.834565,-0.00005
528.951554,-0.000045
529.068546,-0.00005
529.185542,-0.000051
529.302541,-0.000056
529.419544,0.000109
529.536551,0.001076
529.653561,0.001547
529.770575,0.000259
529.887592,-0.000042
530.004612,0.000171
530.121637,-0.000045
530.238664,0.000133
530.355696,0.000437
530.47273,0.000707
530.589769,0.00331
530.70681,0.001798
530.823856,0.002874
530.940904,0.005354
531.057957,0.006592
531.175012,0.017172
531.292072,0.118585
531.409134,0.441915
531.526201,0.720967
531.64327,0.724366
531.760344,0.763273
531.87742,0.801935
531.994501,0.780186
532.111584,0.678662
532.228671,0.646487
532.345762,0.636811
532.462856,0.481332
532.579954,0.292894
532.697055,0.190554
532.814159,0.138443
532.931267,0.093654
533.048379,0.064951
533.165493,0.043207
533.282612,0.031099
533.399734,0.022054
533.516859,0.018238
533.633988,0.009102
533.75112,0.003895
533.868255,0.000428
533.985394,-0.000056
534.102537,-0.000055
534.219683,-0.000056
534.336832,-0.000039
534.453985,-0.000044
534.571141,-0.000045
534.688301,-0.000034
534.805464,-0.000039
534.92263,-0.00004
535.0398,-0.000033
535.156973,-0.000047
535.27415,-0.000036
535.39133,-0.000031
535.508514,-0.000029
535.625701,-0.000031
535.742891,-0.000023
535.860085,-0.000018
535.977282,-0.000026
536.094482,-0.000025
536.211686,-0.000023
536.328894,-0.000022
536.446104,-0.000023
536.563318,-0.000022
536.680536,-0.000001
536.797757,-0.000044
536.914981,-0.000023
537.032209,-0.000018
537.14944,-0.000026
537.266674,-0.000012
537.383912,-0.000029
537.501153,-0.000009
537.618398,-0.000026
537.735645,-0.000012
537.852897,-0.000017
537.970151,-0.000028
538.087409,-0.000023
538.20467,-0.000018
538.321935,-0.000026
538.439203,-0.000012
538.556474,-0.00002
538.673749,-0.000018
538.791027,-0.000007
538.908309,0.000001
539.025593,-0.000004
539.142881,-0.000006
539.260173,-0.000014
539.377467,-0.000009
539.494765,-0.000004
539.612067,-0.000022
539.729371,-0.000011
539.846679,-0.000015
539.963991,-0.00002
540.081305,-0.000006
540.198623,-0.000007
540.315945,-0.000025
540.433269,-0.000017
540.550597,-0.000003
540.667928,-0.000004
540.785263,-0.000022
540.9026,-0.000007
541.019942,-0.000022
541.137286,0.000002
541.254634,-0.000012
541.371985,-0.000001
541.489339,-0.000012
541.606696,-0.00002
541.724057,-0.000009
541.841421,-0.000011
541.958789,-0.000012
542.076159,-0.000014
542.193533,-0.000012
542.31091,-0.000023
542.428291,-0.000015
542.545674,-0.000001
542.663061,-0.000028
542.780452,-0.00002
542.897845,-0.000009
543.015242,-0.000007
543.132642,-0.000015
543.250045,-0.000001
543.367452,-0.000009
543.484861,-0.000014
543.602274,-0.000018
543.71969,-0.000023
543.83711,-0.000018
543.954533,-0.000023
544.071959,-0.000012
544.189388,-0.000017
544.30682,-0.000015
544.424256,-0.000023
544.541695,-0.000015
544.659137,-0.000023
544.776582,-0.000018
544.89403,-0.000014
545.011482,-0.000028
545.128937,-0.000023
545.246395,-0.000015
545.363857,-0.000017
545.481321,-0.00005
545.598789,-0.000048
545.71626,-0.000059
545.833734,-0.000058
545.951211,-0.00005
546.068692,-0.000058
546.186175,-0.00005
546.303662,-0.000039
546.421152,-0.000034
546.538646,-0.000042
546.656142,-0.000028
546.773642,-0.000026
546.891145,-0.000025
547.008651,-0.000017
547.12616,-0.000018
547.243672,-0.000017
547.361188,-0.000022
547.478706,-0.000014
547.596228,-0.000009
547.713753,-0.000004
547.831281,-0.000018
547.948812,-0.000026
548.066347,-0.000012
548.183884,-0.000017
548.301425,-0.000006
548.418969,-0.000011
548.536516,-0.000015
548.654066,-0.000014
548.77162,-0.000015
548.889176,-0.000004
549.006736,-0.000009
549.124298,-0.000004
549.241864,-0.000063
549.359433,0.000024
549.477005,-0.00005
549.59458,0.00003
549.712159,-0.000053
549.82974,0.00004
549.947324,-0.000063
550.064912,0.000024
550.182503,-0.000059
550.300097,0.00004
550.417694,-0.000047
550.535294,0.000034
550.652897,-0.000059
550.770503,0.000027
550.888112,-0.000059
551.005725,0.000027
551.12334,-0.000056
551.240959,0.000024
551.358581,-0.000044
551.476206,0.00003
551.593833,-0.00005
551.711464,0.00003
551.829098,-0.000053
551.946735,0.000021
552.064376,-0.000059
552.182019,0.000034
552.299665,-0.000059
552.417314,0.00004
552.534967,-0.000053
552.652622,0.000037
552.770281,-0.000059
552.887942,0.000021
553.005607,-0.000069
553.123275,0.000021
553.240945,-0.000059
553.358619,0.000018
553.476296,-0.000056
553.593976,0.000034
553.711659,-0.000053
553.829344,0.000018
553.947033,-0.000063
554.064725,0.000015
554.18242,-0.000063
554.300118,0.000027
554.417819,-0.000056
554.535523,0.000015
554.65323,-0.000053
554.77094,0.000021
554.888654,-0.00005
555.00637,0.00003
555.124089,-0.000056
555.241811,0.000034
555.359536,-0.000056
555.477264,0.000034
555.594995,-0.000063
555.712729,0.000027
555.830466,-0.000044
555.948206,0.000021
556.06595,-0.000047
556.183696,0.00003
556.301445,-0.00004
556.419197,0.000034
556.536952,-0.000063
556.65471,0.00003
556.772471,-0.000056
556.890234,0.000024
557.008001,-0.000047
557.125771,0.000008
557.243544,-0.000044
557.36132,0.000037
557.479098,-0.000063
557.59688,0.000021
557.714665,-0.000053
557.832452,0.000021
557.950243,-0.000053
558.068036,0.000034
558.185833,-0.00005
558.303632,0.000027
558.421434,-0.000053
558.53924,0.00004
558.657048,-0.000053
558.774859,0.00003
558.892673,-0.000056
559.01049,0.000024
559.12831,-0.000053
559.246133,0.000027
559.363958,-0.000047
559.481787,0.000015
559.599619,-0.000063
559.717453,0.00004
559.835291,-0.000063
559.953131,0.000024
560.070974,-0.000053
560.18882,0.000024
560.306669,-0.000056
560.424521,0.000043
560.542376,-0.000063
560.660234,0.00003
560.778094,-0.00005
560.895958,0.000037
561.013824,-0.00005
561.131693,0.00003
561.249565,-0.000056
561.36744,0.000034
561.485318,-0.000056
561.603199,0.000018
561.721082,-0.000056
561.838969,0.00003
561.956858,-0.000053
562.074751,0.000027
562.192646,-0.000053
562.310544,0.000018
562.428444,-0.000056
562.546348,0.00003
562.664255,-0.000053
562.782164,0.000027
562.900076,-0.00005
563.017991,0.000027
563.135909,-0.000066
563.25383,0.000018
563.371753,-0.000056
563.48968,0.000027
563.607609,-0.00005
563.725541,0.000018
563.843476,-0.000056
563.961414,0.00003
564.079354,-0.000047
564.197297,0.000027
564.315244,-0.000063
564.433193,0.000027
564.551144,-0.000044
564.669099,0.000015
564.787056,-0.000056
564.905017,0.000027
565.02298,-0.000059
565.140946,0.000024
565.258914,-0.000056
565.376886,0.000021
565.49486,-0.000044
565.612837,0.00003
565.730817,-0.000047
565.848799,0.000027
565.966785,-0.000053
566.084773,0.00003
566.202764,-0.00004
566.320758,0.000037
566.438754,-0.000044
566.556753,0.000027
566.674755,-0.000047
566.79276,0.000021
566.910768,-0.00005
567.028778,0.000037
567.146791,-0.000056
567.264807,0.000037
567.382826,-0.00005
567.500847,0.00003
567.618871,-0.000059
567.736898,0.000043
567.854927,-0.000056
567.97296,0.000008
568.090995,-0.00005
568.209033,0.000043
568.327073,-0.000037
568.445117,0.00003
568.563163,-0.00005
568.681211,0.00004
568.799263,-0.000091
568.917317,0.000034
569.035374,-0.000053
569.153434,0.000021
569.271496,-0.000047
569.389561,0.000043
569.507629,-0.000047
569.625699,0.00004
569.743773,-0.000053
569.861848,0.00004
569.979927,-0.000053
570.098008,0.000024
570.216092,-0.000056
570.334179,0.00003
570.452269,-0.000056
570.570361,0.000043
570.688455,-0.000059
570.806553,0.000015
570.924653,-0.000053
571.042756,0.000018
571.160861,-0.000053
571.278969,0.00003
571.39708,-0.000085
571.515194,0.000021
571.63331,-0.000069
571.751429,0.00003
571.86955,-0.000063
571.987675,0.000027
572.105801,-0.000059
572.223931,0.00003
572.342063,-0.000056
572.460198,0.000027
572.578335,-0.000044
572.696475,0.00003
572.814618,-0.000053
572.932764,0.000024
573.050912,-0.000066
573.169062,0.000012
573.287216,-0.000072
573.405372,0.000027
573.52353,-0.000053
573.641691,0.00003
573.759855,-0.00005
573.878022,0.00004
573.996191,-0.000066
574.114362,0.000024
574.232537,-0.000056
574.350713,0.000034
574.468893,-0.00005
574.587075,0.000027
574.70526,-0.000047
574.823447,0.000034
574.941637,-0.000056
575.05983,0.000021
575.178025,-0.000059
575.296222,0.000018
575.414423,-0.000053
575.532626,0.00004
575.650831,-0.000066
575.769039,0.000015
575.88725,-0.00004
576.005463,0.000024
576.123679,-0.000056
576.241897,0.00004
576.360118,-0.00005
576.478342,0.000024
576.596568,-0.000059
576.714797,0.000037
576.833028,-0.000056
576.951262,0.000027
577.069498,-0.000059
577.187737,0.000024
577.305978,-0.000044
577.424222,0.00003
577.542469,-0.00004
577.660718,0.00003
577.778969,-0.000063
577.897224,0.00004
578.01548,-0.00005
578.13374,0.000024
578.252001,-0.000056
578.370266,0.000021
578.488533,-0.00005
578.606802,0.000018
578.725074,-0.00005
578.843348,0.000024
578.961625,-0.000063
579.079905,0.000005
579.198187,-0.000059
579.316471,0.00003
579.434758,-0.000015
579.553047,-0.000011
579.671339,-0.000015
579.789634,-0.000004
579.907931,-0.000009
580.02623,-0.000001
580.144532,-0.000009
580.262837,-0.000017
580.381144,-0.000025
580.499453,-0.000011
580.617765,-0.000018
580.73608,-0.000007
580.854397,-0.000015
580.972716,-0.00002
581.091038,-0.000025
581.209362,-0.00002
581.327689,-0.000009
581.446018,-0.000023
581.56435,-0.000018
581.682684,-0.000011
581.801021,-0.000006
581.91936,-0.000011
582.037701,-0.000009
582.156046,-0.00002
582.274392,-0.000015
582.392741,-0.000014
582.511092,-0.000012
582.629446,-0.000017
582.747802,-0.000025
582.866161,-0.00002
582.984522,-0.000012
583.102886,-0.00002
583.221252,-0.000009
583.33962,-0.00002
583.457991,-0.000025
583.576364,-0.000017
583.69474,-0.000018
583.813118,-0.000014
583.931499,-0.000012
584.049882,-0.000026
584.168267,-0.000012
584.286655,0.000002
584.405045,-0.000015
584.523438,-0.000007
584.641833,-0.000009
584.76023,-0.000023
584.87863,-0.000025
584.997032,-0.000023
585.115437,-0.000022
585.233843,-0.000017
585.352253,-0.000018
585.470665,-0.000023
585.589079,-0.000022
585.707495,-0.000014
585.825914,-0.000018
585.944335,-0.000014
586.062759,-0.000012
586.181185,-0.000014
586.299613,-0.000018
586.418044,-0.000011
586.536477,-0.000015
586.654913,-0.000007
586.773351,-0.000022
586.891791,-0.000007
587.010233,0.000001
587.128678,-0.000017
587.247125,-0.000015
587.365575,-0.000004
587.484027,-0.000003
587.602481,-0.000014
587.720938,-0.000018
587.839397,-0.00002
587.957858,-0.000015
588.076322,-0.000026
588.194788,-0.000009
588.313256,-0.000004
588.431727,-0.000006
588.5502,-0.000023
588.668675,-0.000031
588.787152,-0.000026
588.905632,-0.000022
589.024115,-0.000014
589.142599,-0.000015
589.261086,-0.000017
589.379575,-0.000009
589.498066,-0.000007
589.61656,-0.000003
589.735056,-0.000014
589.853555,-0.000009
589.972055,-0.000011
590.090558,-0.000003
590.209063,-0.000007
590.327571,-0.000009
590.446081,-0.000011
590.564593,-0.000022
590.683107,-0.000007
590.801624,-0.000012
590.920143,-0.000011
591.038664,-0.000025
591.157187,-0.000023
591.275713,-0.000028
591.394241,-0.000011
591.512771,-0.000009
591.631304,-0.000014
591.749838,-0.000028
591.868375,-0.000017
591.986915,-0.000003
592.105456,-0.00002
592.224,-0.000009
592.342546,-0.000014
592.461094,-0.000022
592.579645,-0.000023
592.698197,-0.000025
592.816752,-0.000017
592.93531,-0.000015
593.053869,-0.000017
593.172431,-0.000015
593.290995,0.000012
593.409561,-0.000009
593.528129,-0.000007
593.6467,-0.000015
593.765272,-0.000011
593.883847,-0.000015
594.002424,-0.000014
594.121004,-0.000009
594.239586,-0.000001
594.358169,-0.000009
594.476755,-0.000007
594.595344,-0.000003
594.713934,-0.000007
594.832527,-0.000009
594.951121,-0.000014
595.069718,-0.000015
595.188318,-0.000011
595.306919,-0.000022
595.425523,-0.000007
595.544128,-0.000012
595.662736,-0.000007
595.781346,-0.000022
595.899959,-0.000004
596.018573,-0.000028
596.13719,-0.000011
596.255808,-0.000009
596.374429,-0.000001
596.493052,-0.000009
596.611678,-0.000014
596.730305,-0.000015
596.848935,0.000002
596.967566,-0.000009
597.0862,0.000005
597.204836,-0.000003
597.323474,-0.000011
597.442115,-0.000009
597.560757,-0.000014
597.679402,-0.000009
597.798048,-0.000004
597.916697,-0.000012
598.035348,-0.000011
598.154001,-0.000018
598.272657,-0.000001
598.391314,-0.000012
598.509973,-0.000011
598.628635,-0.000009
598.747299,-0.000011
598.865965,-0.000009
598.984633,-0.000014
599.103303,-0.000009
599.221975,-0.000017
599.340649,-0.000012
599.459325,-0.00002
599.578004,-0.000018
599.696684,0.000002
599.815367,-0.000012
599.934052,-0.000023
600.052738,-0.000012
600.171427,-0.000011
600.290118,-0.000025
600.408811,-0.000017
600.527507,-0.000009
600.646204,-0.000007
600.764903,-0.000012
600.883605,-0.000011
601.002308,-0.000006
601.121014,-0.000011
601.239721,-0.000018
601.358431,-0.000014
601.477142,-0.000012
601.595856,-0.000004
601.714572,-0.000015
601.83329,-0.000014
601.95201,-0.000012
602.070732,-0.000048
602.189456,-0.000025
602.308182,-0.00002
602.42691,-0.000012
602.54564,-0.000001
602.664372,-0.000012
602.783106,-0.000007
602.901843,-0.000006
603.020581,-0.000001
603.139321,-0.000018
603.258064,-0.000017
603.376808,-0.000009
603.495554,-0.000007
603.614303,-0.000015
603.733053,-0.000014
603.851805,-0.000018
603.97056,-0.000004
604.089316,0.000007
604.208075,-0.000004
604.326835,-0.000022
604.445597,0.000008
604.564362,-0.000015
604.683128,-0.000007
604.801897,-0.000018
604.920667,-0.000001
605.039439,-0.000012
605.158214,-0.000007
605.27699,-0.000006
605.395769,-0.000017
605.514549,-0.000009
605.633331,-0.000004
605.752115,-0.000006
605.870902,0.000002
605.98969,-0.000018
606.10848,0.000002
606.227272,-0.000003
606.346066,-0.000014
606.464862,-0.000025
606.58366,-0.000007
606.70246,-0.000022
606.821262,-0.000001
606.940066,-0.000003
607.058872,-0.000007
607.17768,-0.000009
607.296489,-0.000014
607.415301,0.000001
607.534114,-0.000014
607.65293,0.000004
607.771747,0.000008
607.890567,-0.000012
608.009388,-0.000017
608.128211,-0.000022
608.247036,0.000002
608.365863,-0.000009
608.484692,-0.000014
608.603523,-0.000003
608.722356,-0.000014
608.841191,-0.000028
608.960027,-0.000014
609.078866,-0.000025
609.197706,-0.000007
609.316549,-0.000009
609.435393,-0.000014
609.554239,-0.000015
609.673087,-0.000004
609.791937,-0.000053
609.910789,0.00003
610.029642,-0.000047
610.148498,0.00003
610.267355,-0.000069
610.386215,0.000037
610.505076,-0.00005
610.623939,0.00004
610.742804,-0.000056
610.861671,0.000034
610.98054,-0.000053
611.09941,0.000024
611.218283,-0.00005
611.337157,0.000034
611.456033,-0.00005
611.574911,0.000021
611.693791,-0.000066
611.812672,0.000018
611.931556,-0.000053
612.050441,0.000027
612.169329,-0.000053
612.288218,0.000034
612.407109,-0.000047
612.526001,0.000021
612.644896,-0.000053
612.763792,0.00003
612.882691,-0.000044
613.001591,0.000024
613.120492,-0.000053
613.239396,0.000024
613.358302,-0.000047
613.477209,0.000027
613.596118,-0.000047
613.715029,0.00004
613.833942,-0.00005
613.952856,0.000034
614.071773,-0.00004
614.190691,0.00004
614.309611,-0.000047
614.428533,0.000034
614.547456,-0.000053
614.666382,0.000037
614.785309,-0.000056
614.904238,0.000034
615.023169,-0.000047
615.142101,0.00004
615.261035,-0.00005
615.379971,0.000021
615.498909,-0.000047
615.617849,0.000027
615.73679,-0.000056
615.855733,0.000034
615.974678,-0.00004
616.093625,0.000034
616.212573,-0.000047
616.331524,0.000037
616.450476,-0.000059
616.569429,0.000046
616.688385,-0.00005
616.807342,0.00003
616.926301,-0.000047
617.045262,0.000034
617.164224,-0.000037
617.283188,0.000024
617.402154,-0.000044
617.521122,0.000034
617.640091,-0.000047
617.759062,0.000043
617.878035,-0.00004
617.99701,0.00004
618.115986,-0.000047
618.234964,0.000034
618.353944,-0.00004
618.472925,0.000027
618.591908,-0.000047
618.710893,0.000024
618.82988,-0.00005
618.948868,0.000015
619.067858,-0.00005
619.18685,0.00004
619.305843,-0.00004
619.424838,0.000037
619.543835,-0.00005
619.662833,0.00003
619.781834,-0.000059
619.900835,0.000034
620.019839,-0.000053
620.138844,0.000027
620.257851,-0.000053
620.37686,0.000053
620.49587,-0.000063
620.614882,0.00003
620.733895,-0.000059
620.85291,0.000027
620.971927,-0.000059
621.090946,0.000034
621.209966,-0.000047
621.328988,0.000037
621.448012,-0.000059
621.567037,0.000043
621.686064,-0.00004
621.805092,0.000034
621.924122,-0.00005
622.043154,0.000046
622.162187,-0.000053
622.281222,0.000034
622.400259,-0.000053
622.519297,0.000037
622.638337,-0.000053
622.757379,0.000034
622.876422,-0.000044
622.995467,0.00003
623.114513,-0.000044
623.233561,0.000049
623.352611,-0.000047
623.471662,0.000034
623.590715,-0.000056
623.70977,0.000037
623.828826,-0.00005
623.947884,0.000037
624.066943,-0.000056
624.186004,0.000037
624.305066,-0.000034
624.42413,0.00004
624.543196,-0.000047
624.662263,0.000021
624.781332,-0.000053
624.900403,0.00004
625.019475,-0.000053
625.138548,0.00004
625.257624,-0.00005
625.3767,0.000027
625.495779,-0.000047
625.614859,0.000037
625.73394,-0.000053
625.853023,0.00004
625.972108,-0.000056
626.091194,0.000043
626.210282,-0.000047
626.329371,0.000034
626.448462,-0.000031
626.567554,0.000034
626.686648,-0.000044
626.805743,0.00004
626.92484,-0.000059
627.043939,0.000027
627.163039,-0.000031
627.282141,0.000037
627.401244,-0.00005
627.520349,0.000037
627.639455,-0.000047
627.758563,0.00004
627.877672,-0.000053
627.996783,0.00003
628.115895,-0.00005
628.235009,0.000037
628.354124,-0.000056
628.473241,0.00004
628.59236,-0.000066
628.711479,0.000034
628.830601,-0.000056
628.949724,0.000034
629.068848,-0.000044
629.187974,0.000049
629.307101,-0.000059
629.42623,0.00003
629.545361,-0.00005
629.664492,0.00003
629.783626,-0.000047
629.902761,0.000034
630.021897,-0.00005
630.141035,0.000034
630.260174,-0.00005
630.379315,0.000034
630.498457,-0.000063
630.617601,0.00004
630.736746,-0.000044
630.855892,0.000034
630.97504,-0.000047
631.09419,0.000043
631.213341,-0.00005
631.332493,0.00003
631.451647,-0.000066
631.570803,0.000037
631.689959,-0.000053
631.809118,0.00004
631.928277,-0.00004
632.047438,0.000037
632.166601,-0.000053
632.285765,0.000037
632.40493,-0.000034
632.524097,0.000037
632.643265,-0.000053
632.762435,0.000043
632.881606,-0.000053
633.000779,0.00003
633.119953,-0.000037
633.239128,0.00004
633.358305,-0.000047
633.477483,0.000034
633.596663,-0.000047
633.715844,0.000043
633.835026,-0.00005
633.95421,0.000037
634.073395,-0.000047
634.192582,0.00003
634.31177,-0.000047
634.430959,0.00004
634.55015,-0.00004
634.669342,0.000027
634.788536,-0.00004
634.90773,0.000037
635.026927,-0.000047
635.146124,0.000027
635.265324,-0.000059
635.384524,0.000024
635.503726,-0.000044
635.622929,0.00004
635.742133,-0.00005
635.861339,-0.000011
635.980547,-0.000056
636.099755,0.000021
636.218965,-0.00004
636.338177,0.000034
636.457389,-0.000037
636.576603,0.000024
636.695819,-0.00005
636.815035,0.000046
636.934253,-0.000047
637.053473,0.000037
637.172693,-0.000053
637.291916,0.000037
637.411139,-0.00005
637.530364,0.000046
637.64959,-0.000066
637.768817,0.000027
637.888046,-0.00005
638.007276,0.000034
638.126507,-0.00004
638.24574,0.00003
638.364974,-0.000066
638.484209,0.000037
638.603445,-0.000059
638.722683,0.000034
638.841923,-0.000053
638.961163,0.000021
639.080405,-0.000053
639.199648,0.000049
639.318892,-0.00005
639.438138,0.00003
639.557385,-0.000053
639.676633,0.000024
639.795883,-0.000047
639.915133,0.000024
640.034385,-0.000031
640.153639,0.000037
640.272893,0.000001
640.392149,-0.000014
640.511406,-0.000012
640.630665,-0.000007
640.749924,-0.000022
640.869185,-0.000017
640.988448,-0.000018
641.107711,0.000002
641.226976,-0.000003
641.346242,0.000005
641.465509,-0.000015
641.584777,-0.000001
641.704047,0.000001
641.823318,-0.000001
641.94259,-0.000012
642.061864,-0.000004
642.181138,-0.000012
642.300414,0.000002
642.419691,-0.000018
642.53897,-0.000007
642.658249,-0.000006
642.77753,-0.000048
642.896812,0.000004
643.016095,0.000002
643.13538,-0.000015
643.254665,-0.000001
643.373952,-0.000003
643.49324,-0.000004
643.612529,-0.000006
643.73182,-0.000001
643.851112,-0.000009
643.970404,-0.000007
644.089698,-0.000009
644.208994,0.000002
644.32829,-0.000009
644.447588,0.000005
644.566887,-0.000003
644.686187,-0.000001
644.805488,-0.000006
644.92479,-0.000001
645.044094,-0.000012
645.163398,-0.000001
645.282704,-0.000009
645.402011,-0.000007
645.52132,-0.000012
645.640629,-0.000007
645.75994,0.000004
645.879251,-0.000014
645.998564,-0.000006
646.117878,0.000005
646.237193,0.000001
646.35651,-0.00002
646.475827,-0.000009
646.595146,-0.000011
646.714466,-0.000015
646.833787,-0.000001
646.953109,-0.000012
647.072432,0.000012
647.191756,-0.000022
647.311081,-0.000001
647.430408,-0.000012
647.549736,0.000002
647.669065,-0.000003
647.788395,-0.000004
647.907726,-0.000006
648.027058,-0.000017
648.146391,-0.000006
648.265725,-0.000011
648.385061,-0.000022
648.504398,-0.000004
648.623735,-0.000003
648.743074,-0.000001
648.862414,-0.000009
648.981755,-0.000004
649.101097,-0.000006
649.22044,0.000005
649.339785,-0.000006
649.45913,-0.000001
649.578476,-0.000009
649.697824,-0.000011
649.817173,-0.000009
649.936522,-0.000004
650.055873,-0.000018
650.175225,0.000008
650.294578,-0.000006
650.413932,-0.000007
650.533287,0.000004
650.652643,-0.000007
650.772,0.000001
650.891358,-0.000014
651.010718,-0.000009
651.130078,-0.000001
651.24944,-0.000012
651.368802,-0.000001
651.488165,0.000007
651.60753,-0.000007
651.726896,-0.000009
651.846262,-0.000001
651.96563,-0.000003
652.084999,0.000005
652.204368,-0.000009
652.323739,-0.000011
652.443111,0.000001
652.562484,0.000008
652.681857,0.00001
652.801232,0.000008
652.920608,-0.000006
653.039985,-0.000004
653.159363,0.000004
653.278742,0.000005
653.398122,0.000001
653.517502,-0.000004
653.636884,-0.000018
653.756267,0.000002
653.875651,-0.000006
653.995036,-0.000004
654.114422,0.000001
654.233809,-0.000017
654.353197,-0.000009
654.472586,0.000002
654.591975,-0.000009
654.711366,-0.000001
654.830758,0.000013
654.950151,0.000005
655.069545,-0.000009
655.188939,-0.000004
655.308335,-0.000015
655.427732,-0.000007
655.547129,-0.000012
655.666528,-0.000001
655.785927,-0.000018
655.905328,-0.000011
656.024729,-0.000015
656.144132,-0.00002
656.263535,-0.000009
656.382939,-0.000011
656.502345,-0.000025
656.621751,-0.000001
656.741158,-0.000012
656.860566,-0.000011
656.979975,-0.000015
657.099385,-0.000017
657.218796,-0.000006
657.338208,-0.000014
657.45762,0.000007
657.577034,-0.000014
657.696449,-0.000012
657.815864,-0.000001
657.93528,-0.000015
658.054698,-0.000007
658.174116,-0.000006
658.293535,-0.000014
658.412955,-0.000009
658.532376,-0.000011
658.651798,-0.000009
658.771221,-0.000011
658.890644,-0.000012
659.010069,-0.000004
659.129494,-0.000015
659.24892,0.000002
659.368348,-0.000009
659.487776,-0.000004
659.607205,0.000004
659.726635,-0.000007
659.846065,-0.000003
659.965497,-0.000014
660.084929,-0.000012
660.204363,-0.000011
660.323797,-0.000003
660.443232,-0.000017
660.562668,-0.000006
660.682105,0.000005
660.801542,-0.000015
660.920981,-0.000004
661.04042,-0.000006
661.15986,-0.000007
661.279301,-0.000009
661.398743,-0.000011
661.518186,0.000001
661.63763,-0.000007
661.757074,-0.000015
661.876519,0.000008
661.995965,-0.000003
662.115412,-0.000004
662.23486,0.000001
662.354309,-0.000007
662.473758,0.000013
662.593208,-0.000001
662.712659,-0.000009
662.832111,-0.000001
662.951564,-0.000018
663.071017,-0.000007
663.190471,-0.000012
663.309927,0.000002
663.429382,0.000004
663.548839,-0.000001
663.668297,0.000007
663.787755,-0.000001
663.907214,-0.000003
664.026674,-0.000004
664.146135,-0.000006
664.265596,-0.000004
664.385058,-0.000009
664.504521,-0.000001
664.623985,0.000007
664.74345,-0.000004
664.862915,-0.000006
664.982381,-0.000007
665.101848,-0.000009
665.221316,-0.000001
665.340784,-0.000009
665.460254,-0.000014
665.579724,-0.000006
665.699194,0.000015
665.818666,0.000001
665.938138,-0.00002
666.057611,-0.000012
666.177085,-0.000004
666.296559,-0.000018
666.416034,-0.000007
666.53551,-0.000025
666.654987,-0.000014
666.774465,-0.000012
666.893943,-0.000011
667.013422,-0.000012
667.132901,-0.000004
667.252382,-0.000006
667.371863,-0.000004
667.491345,-0.000012
667.610827,-0.000023
667.73031,-0.000025
667.849794,-0.000011
667.969279,-0.000009
668.088765,0.000005
668.208251,-0.000009
668.327737,0.000002
668.447225,-0.000015
668.566713,-0.000014
668.686202,-0.000022
668.805692,-0.000007
668.925182,-0.000012
669.044673,-0.000007
669.164165,-0.000015
669.283657,-0.000011
669.40315,-0.000003
669.522644,0.000005
669.642138,-0.000003
669.761633,-0.000014
669.881129,-0.000003
670.000626,-0.000007
670.120123,0.000004
670.23962,-0.000004
670.359119,-0.000006
670.478618,0.000002
670.598118,-0.000003
670.717618,0.000002
670.837119,-0.000044
670.956621,0.000034
671.076123,-0.000037
671.195626,0.000027
671.31513,-0.000037
671.434634,0.000049
671.554139,-0.000034
671.673645,0.000043
671.793151,-0.000047
671.912658,0.000037
672.032165,-0.00004
672.151674,0.00003
672.271182,-0.000056
672.390692,0.000034
672.510202,-0.00005
672.629712,0.000037
672.749223,-0.000037
672.868735,0.000034
672.988248,-0.00004
673.107761,0.00004
673.227274,-0.00004
673.346789,0.000046
673.466304,-0.000053
673.585819,0.000027
673.705335,-0.000047
673.824852,0.000037
673.944369,-0.000059
674.063887,0.000034
674.183405,-0.000044
674.302924,0.000034
674.422444,-0.000053
674.541964,0.000027
674.661485,-0.000081
674.781006,0.000037
674.900528,-0.000044
675.020051,0.000034
675.139574,-0.000053
675.259097,0.000034
675.378621,-0.000066
675.498146,0.000037
675.617671,-0.000056
675.737197,0.000037
675.856724,-0.000044
675.976251,0.00004
676.095778,-0.00004
676.215306,0.000027
676.334835,-0.000056
676.454364,0.000037
676.573894,-0.000044
676.693424,0.000034
676.812955,-0.00004
676.932486,0.000037
677.052018,-0.00005
677.17155,0.000027
677.291083,-0.000044
677.410616,0.00003
677.53015,-0.000059
677.649684,0.000018
677.769219,-0.000047
677.888755,0.00004
678.008291,-0.000047
678.127827,0.000046
678.247364,-0.000053
678.366902,0.000027
678.48644,-0.000047
678.605978,0.000027
678.725517,-0.000037
678.845056,0.000034
678.964596,-0.000044
679.084137,0.000034
679.203678,-0.000044
679.323219,0.000027
679.442761,-0.000063
679.562303,0.000024
679.681846,-0.00005
679.80139,0.000037
679.920933,-0.000044
680.040478,0.00004
680.160022,-0.000047
680.279567,0.000043
680.399113,-0.000037
680.518659,0.000034
680.638206,-0.000044
680.757753,0.000049
680.8773,-0.00005
680.996848,0.00004
681.116397,-0.000053
681.235945,0.000037
681.355495,-0.000031
681.475044,0.000037
681.594594,-0.000037
681.714145,0.000053
681.833696,-0.000044
681.953247,0.000046
682.072799,-0.000047
682.192352,0.00004
682.311904,-0.000047
682.431457,0.00004
682.551011,-0.00004
682.670565,0.00004
682.790119,-0.000044
682.909674,0.000027
683.029229,-0.000044
683.148785,0.000027
683.268341,-0.000037
683.387897,0.00003
683.507454,-0.000066
683.627011,0.000037
683.746569,-0.000037
683.866127,0.00004
683.985685,-0.000056
684.105244,0.000037
684.224803,-0.000053
684.344363,0.000037
684.463922,-0.000056
684.583483,0.000027
684.703043,-0.000037
684.822604,0.000024
684.942166,-0.000056
685.061728,0.00004
685.18129,-0.000047
685.300852,0.000024
685.420415,-0.000037
685.539978,0.000024
685.659542,-0.000056
685.779106,0.000034
685.89867,-0.00004
686.018235,0.000037
686.1378,-0.000059
686.257365,0.00004
686.376931,-0.00005
686.496497,0.00004
686.616063,-0.000053
686.73563,0.000034
686.855197,-0.00005
686.974764,0.000027
687.094332,-0.000056
687.2139,0.000027
687.333468,-0.000056
687.453036,0.000024
687.572605,-0.000044
687.692175,0.000027
687.811744,-0.00005
687.931314,0.000034
688.050884,-0.00004
688.170455,0.000018
688.290025,-0.000056
688.409597,0.000043
688.529168,-0.000056
688.64874,0.000043
688.768312,-0.000056
688.887884,0.00004
689.007456,-0.000063
689.127029,0.00003
689.246602,-0.00004
689.366176,0.00004
689.485749,-0.00004
689.605323,0.00003
689.724898,-0.000047
689.844472,0.00003
689.964047,-0.000044
690.083622,0.000046
690.203197,-0.000034
690.322773,0.000049
690.442348,-0.000047
690.561925,0.000046
690.681501,-0.000047
690.801077,0.000046
690.920654,-0.000031
691.040231,0.00003
691.159809,-0.000031
691.279386,0.000024
691.398964,-0.000047
691.518542,0.00004
691.63812,-0.000047
691.757699,0.00004
691.877277,-0.000034
691.996856,0.000043
692.116436,-0.00004
692.236015,0.000043
692.355595,-0.00004
692.475175,0.000056
692.594755,-0.000044
692.714335,0.000034
692.833915,-0.000037
692.953496,0.000046
693.073077,-0.000037
693.192658,0.000037
693.312239,-0.000031
693.431821,0.00004
693.551402,-0.000047
693.670984,0.00004
693.790566,-0.000044
693.910149,0.000034
694.029731,-0.000037
694.149314,0.000027
694.268897,-0.000053
694.38848,0.000034
694.508063,-0.000053
694.627646,0.000034
694.74723,-0.000044
694.866813,0.000037
694.986397,-0.000047
695.105981,0.000037
695.225565,-0.000047
695.34515,0.000043
695.464734,-0.000063
695.584319,0.000024
695.703904,-0.000053
695.823489,0.000034
695.943074,-0.000047
696.062659,0.00004
696.182245,-0.000056
696.30183,0.00003
696.421416,-0.000047
696.541002,0.000037
696.660588,-0.000037
696.780174,0.000027
696.89976,-0.00004
697.019346,0.00003
697.138933,-0.00005
697.258519,0.000024
697.378106,-0.000044
697.497693,0.000049
697.61728,-0.000056
697.736867,0.000049
697.856454,-0.000037
697.976041,0.00004
698.095628,-0.000037
698.215216,0.000043
698.334803,-0.000044
698.454391,0.00004
698.573979,-0.00004
698.693567,0.000046
698.813155,-0.000047
698.932743,0.000046
699.052331,-0.00005
699.171919,0.000046
699.291507,-0.000044
699.411096,0.000034
699.530684,-0.000053
699.650273,0.000034
699.769861,-0.000047
699.88945,0.000037
700.009038,-0.000047
700.128627,0.00004
700.248216,-0.000053
700.367805,0.00004
700.487394,-0.00004
700.606983,0.000046
700.726572,-0.000047
700.846161,0.000037
700.96575,-0.00004
701.085339,0.000037
701.204929,-0.000047
701.324518,0.000037
701.444107,-0.000006
701.563696,0.000015
701.683286,0.000007
701.802875,-0.000004
701.922465,-0.000009
702.042054,-0.000011
702.161644,0.000004
702.281233,0.000005
702.400823,0.000013
702.520412,-0.000014
702.640002,-0.000009
702.759591,-0.000011
702.879181,-0.000009
702.99877,-0.000001
703.11836,-0.000012
703.237949,-0.000014
703.357539,-0.000006
703.477129,-0.000007
703.596718,-0.000006
703.716308,0.000008
703.835897,0.000001
703.955487,-0.000011
704.075076,0.000001
704.194666,-0.000007
704.314255,-0.000009
704.433845,-0.000007
704.553434,-0.000003
704.673023,0.000005
704.792613,-0.000003
704.912202,-0.000004
705.031791,-0.000009
705.151381,-0.000011
705.27097,-0.000006
705.390559,-0.000007
705.510148,-0.000009
705.629737,-0.000011
705.749326,-0.000018
705.868915,-0.000001
705.988504,-0.000006
706.108093,-0.000001
706.227682,-0.000018
706.34727,0.000002
706.466859,-0.000009
706.586448,-0.000001
706.706036,-0.000009
706.825625,-0.000011
706.945213,-0.000012
707.064801,-0.000011
707.18439,0.000001
707.303978,-0.000004
707.423566,-0.000006
707.543154,-0.000001
707.662742,0.000004
707.78233,0.000005
707.901917,0.000001
708.021505,-0.000001
708.141092,-0.000003
708.26068,0.000002
708.380267,0.000001
708.499854,0.000018
708.619441,-0.000009
708.739028,-0.000014
708.858615,-0.000006
708.978202,0.000008
709.097789,-0.000015
709.217375,-0.000001
709.336962,-0.000015
709.456548,0.000002
709.576134,0.000004
709.69572,-0.000011
709.815306,-0.000003
709.934892,0.000005
710.054477,-0.000015
710.174063,-0.000001
710.293648,0.000001
710.413233,0.000005
710.532818,-0.000009
710.652403,0.000005
710.771988,-0.000015
710.891572,0.000002
711.011157,0.000004
711.130741,-0.000014
711.250325,0.000007
711.369909,0.000002
711.489493,-0.000006
711.609077,0.000005
711.72866,-0.000009
711.848243,-0.000004
711.967826,-0.000006
712.087409,0.000002
712.206992,0.000001
712.326575,0.000005
712.446157,0.000001
712.565739,-0.000004
712.685321,0.000007
712.804903,0.000008
712.924484,0.000001
713.044066,-0.000007
713.163647,-0.000003
713.283228,-0.000014
713.402809,-0.000003
713.522389,-0.000007
713.64197,-0.000015
713.76155,-0.000017
713.88113,-0.000015
714.00071,-0.000004
714.120289,-0.000003
714.239868,-0.000014
714.359447,0.000004
714.479026,0.000002
714.598605,-0.000015
714.718183,-0.000007
714.837761,-0.000015
714.957339,-0.000001
715.076917,-0.000009
715.196494,-0.00002
715.316072,-0.000006
715.435649,0.000002
715.555225,0.000001
715.674802,-0.000011
715.794378,0.000004
715.913954,-0.000004
716.03353,0.000001
716.153105,-0.000007
716.27268,-0.000006
716.392255,0.000008
716.51183,0.000004
716.631404,-0.000007
716.750978,-0.000006
716.870552,-0.000001
716.990125,-0.000012
717.109699,-0.000011
717.229272,-0.000012
717.348844,0.000005
717.468417,-0.000006
717.587989,0.000002
717.707561,-0.000006
717.827132,0.000002
717.946703,-0.000012
718.066274,0.000008
718.185845,-0.000003
718.305415,-0.000004
718.424985,0.000001
718.544555,0.000005
718.664124,-0.000012
718.783693,-0.000001
718.903262,-0.000003
719.022831,-0.000001
719.142399,0.000004
719.261967,-0.000007
719.381534,-0.000022
719.501101,0.000015
719.620668,0.00001
719.740235,0.000002
719.859801,-0.000003
719.979367,0.000005
720.098932,0.000013
720.218497,-0.000004
720.338062,0.000001
720.457626,-0.000001
720.577191,-0.000015
720.696754,0.000012
720.816318,0.000001
720.935881,0.000002
721.055443,0.000004
721.175006,-0.000001
721.294568,-0.000006
721.414129,0.000005
721.53369,0.00001
721.653251,-0.000001
721.772812,0.00001
721.892372,0.000002
722.011932,-0.000006
722.131491,-0.000011
722.25105,-0.000003
722.370608,-0.000004
722.490167,0.000001
722.609724,-0.000029
722.729282,-0.000009
722.848839,-0.000014
722.968395,0.000007
723.087952,-0.00002
723.207507,0.000001
723.327063,-0.000007
723.446618,-0.000009
723.566172,0.000005
723.685726,-0.000018
723.80528,0.000012
723.924833,0.000007
724.044386,-0.000004
724.163939,-0.000003
724.283491,0.000008
724.403043,-0.000009
724.522594,-0.000004
724.642145,-0.000025
724.761695,-0.000004
724.881245,-0.000009
725.000794,-0.000017
725.120343,0.000001
725.239892,-0.000014
725.35944,0.000007
725.478988,0.000008
725.598535,-0.000012
725.718082,-0.000007
725.837628,-0.000006
725.957174,0.000012
726.076719,-0.000003
726.196264,-0.000004
726.315809,0.00001
726.435353,0.000008
726.554896,-0.000009
726.674439,-0.000004
726.793982,0.000004
726.913524,0.000002
727.033066,-0.000012
727.152607,-0.000014
727.272148,-0.000012
727.391688,-0.000014
727.511227,-0.000015
727.630767,0.000018
727.750305,-0.000015
727.869844,-0.000004
727.989381,-0.000009
728.108918,0.000002
728.228455,-0.000009
728.347991,0.000002
728.467527,0.000001
728.587062,0.000008
728.706597,0.000007
728.826131,-0.000007
728.945665,-0.000009
729.065198,0.000002
729.18473,-0.000009
729.304262,-0.000007
729.423794,-0.000012
729.543325,0.000008
729.662855,-0.000003
729.782385,0.000008
729.901915,-0.000018
730.021444,-0.000007
730.140972,-0.000015
730.2605,-0.000001
730.380027,0.000007
730.499554,-0.00002
730.61908,0.000001
730.738605,0.000002
730.85813,-0.000009
730.977655,-0.000014
731.097179,0.000001
731.216702,-0.000004
731.336225,-0.000022
731.455747,-0.000001
731.575268,-0.000012
731.69479,-0.000001
731.81431,0.000001
731.93383,-0.000033
732.053349,-0.000044
732.172868,0.000027
732.292386,-0.000056
732.411904,0.000037
732.531421,-0.00004
732.650937,0.000034
732.770453,-0.000037
732.889968,0.000049
733.009482,-0.000034
733.128996,0.000046
733.24851,-0.000047
733.368022,0.000043
733.487535,-0.000044
733.607046,0.00003
733.726557,-0.000056
733.846067,0.000046
733.965577,-0.00004
734.085086,0.000021
734.204594,-0.000059
734.324102,0.000027
734.443609,-0.000053
734.563116,0.000037
734.682622,-0.000053
734.802127,0.000037
734.921632,-0.000063
735.041136,0.000018
735.160639,-0.00005
735.280142,0.000037
735.399644,-0.000037
735.519145,0.000034
735.638646,-0.000047
735.758146,0.000043
735.877645,-0.000047
735.997144,0.000021
736.116642,-0.000044
736.23614,0.000024
736.355637,-0.000059
736.475133,0.000024
736.594628,-0.000047
736.714123,0.00004
736.833617,-0.000044
736.95311,0.000027
737.072603,-0.00005
737.192095,0.000027
737.311586,-0.000053
737.431077,0.00003
737.550567,-0.000047
737.670056,0.00003
737.789545,-0.000053
737.909033,0.000024
738.02852,-0.00004
738.148006,0.000034
738.267492,-0.00005
738.386977,0.000024
738.506461,-0.000053
738.625945,0.00003
738.745428,-0.000044
738.86491,0.000027
738.984391,-0.000047
739.103872,0.00004
739.223352,-0.000044
739.342831,0.000034
739.46231,-0.000063
739.581788,0.000034
739.701265,-0.000044
739.820741,0.000034
739.940217,-0.00004
740.059692,0.00004
740.179166,-0.000047
740.298639,0.000043
740.418112,-0.000053
740.537584,0.000034
740.657055,-0.000056
740.776525,0.000049
740.895995,-0.00004
741.015464,0.00003
741.134932,-0.00004
741.254399,0.000037
741.373865,-0.000047
741.493331,0.000049
741.612796,-0.000047
741.73226,0.000021
741.851724,-0.000047
741.971186,0.000034
742.090648,-0.000047
742.210109,0.000037
742.32957,-0.000047
742.449029,0.000037
742.568488,-0.000047
742.687946,0.000049
742.807403,-0.000012
742.926859,0.000062
743.046315,-0.000028
743.165769,0.000068
743.285223,-0.000018
743.404676,0.000056