32,-0.000004
321.979715,-0.000012
322.086088,-0.000004
322.192469,-0.000008
322.298858,-0.000016
322.405255,-0.000002
322.51166,-0.000029
322.618073,-0.000012
322.724494,0.000003
322.830923,0.000001
322.93736,-0.000016
323.043805,0.000011
323.150258,-0.000007
323.256719,-0.000005
323.363188,0.000015
323.469665,0.000007
323.576149,0.000015
323.682642,-0.000002
323.789143,-0.00001
323.895651,-0.000012
324.002168,-0.00001
324.108692,-0.000002
324.215225,-0.000004
324.321765,0.000001
324.428313,-0.000013
324.534869,-0.000002
324.641434,-0.00001
324.748006,0.000007
324.854586,0.000009
324.961174,-0.000002
325.06777,-0.00001
325.174373,0.000011
325.280985,0.000015
325.387605,0.000004
325.494232,-0.000001
325.600868,-0.000002
325.707511,0.000012
325.814162,-0.000018
325.920821,-0.000016
326.027488,0.000007
326.134163,-0.000001
326.240846,-0.000012
326.347537,-0.000001
326.454236,-0.000008
326.560942,-0.000004
326.667656,-0.000005
326.774379,0.000003
326.881109,-0.000008
326.987847,0.000006
327.094593,-0.000015
327.201347,-0.00001
327.308108,0.000001
327.414878,-0.000019
327.521655,0.000004
327.628441,-0.00001
327.735234,-0.000008
327.842035,-0.000001
327.948844,0.000004
328.05566,0.000006
328.162485,-0.000008
328.269317,-0.000016
328.376158,-0.000005
328.483006,-0.000007
328.589862,-0.000024
328.696725,-0.000007
328.803597,-0.000012
328.910476,-0.000001
329.017364,0.000007
329.124259,-0.000004
329.231162,-0.000008
329.338073,0.000006
329.444991,-0.000002
329.551918,-0.00001
329.658852,-0.000021
329.765794,-0.000004
329.872744,-0.000021
329.979701,-0.000004
330.086667,-0.000012
330.19364,0.000003
330.300621,-0.000008
330.40761,-0.000001
330.514607,0.000004
330.621611,-0.000016
330.728624,-0.000012
330.835644,-0.000004
330.942672,-0.000012
331.049707,-0.000013
331.156751,0.000001
331.263802,-0.000001
331.370861,-0.000005
331.477928,-0.00001
331.585002,0.000001
331.692085,0.000003
331.799175,-0.000002
331.906273,0.000003
332.013378,-0.000005
332.120492,-0.000007
332.227613,0.000001
332.334742,-0.000004
332.441879,-0.000018
332.549023,-0.00001
332.656175,0.000004
332.763335,0.000003
332.870503,-0.000005
332.977678,-0.00001
333.084861,0.000001
333.192052,-0.000001
333.299251,-0.000005
333.406457,-0.000004
333.513671,0.000001
333.620893,-0.000007
333.728123,0.000014
333.83536,0.000003
333.942605,0.000004
334.049858,-0.00001
334.157118,0.000011
334.264386,-0.000016
334.371662,0.000004
334.478946,0.000006
334.586237,0.000001
334.693536,-0.000004
334.800843,-0.000008
334.908157,0.000003
335.015479,-0.000005
335.122809,-0.000001
335.230146,-0.000005
335.337492,0.000006
335.444844,-0.000018
335.552205,0.000003
335.659573,-0.000002
335.766949,0.000006
335.874333,0.000001
335.981724,-0.000001
336.089123,0.000004
336.19653,0.000003
336.303944,-0.000008
336.411366,-0.00001
336.518795,-0.000012
336.626233,0.000003
336.733678,-0.000012
336.84113,-0.000007
336.94859,-0.000012
337.056058,-0.000001
337.163534,-0.000018
337.271017,0.000009
337.378508,-0.000008
337.486006,0.000009
337.593512,-0.000018
337.701026,-0.000013
337.808548,-0.000008
337.916077,0.000003
338.023613,-0.000015
338.131158,-0.000013
338.238709,0.000007
338.346269,-0.000004
338.453836,-0.000015
338.561411,-0.000001
338.668993,-0.000015
338.776583,-0.000004
338.884181,0.000004
338.991786,-0.000007
339.099399,-0.000008
339.207019,-0.000004
339.314647,-0.000005
339.422283,-0.000001
339.529926,-0.000002
339.637577,0.000009
339.745235,0.000001
339.852901,0.000003
339.960575,-0.000005
340.068256,-0.000001
340.175945,0.000001
340.283641,-0.000007
340.391345,-0.000015
340.499057,0.000006
340.606776,-0.000002
340.714502,-0.000013
340.822236,-0.000018
340.929978,0.000003
341.037727,-0.000012
341.145484,-0.000019
341.253249,-0.000008
341.361021,-0.000001
341.4688,-0.000008
341.576587,-0.000001
341.684382,-0.000015
341.792184,-0.000001
341.899994,-0.000002
342.007811,0.000003
342.115636,0.000011
342.223468,0.000003
342.331308,0.000001
342.439156,-0.000004
342.547011,0.000001
342.654873,-0.000004
342.762743,0.000004
342.870621,-0.00001
342.978506,-0.000005
343.086398,0.000006
343.194298,-0.000018
343.302206,0.000006
343.410121,-0.000002
343.518044,-0.00001
343.625974,-0.000012
343.733911,-0.000004
343.841856,-0.000021
343.949809,-0.000023
344.057769,-0.000021
344.165737,-0.000019
344.273712,-0.000008
344.381694,-0.000013
344.489684,-0.000024
344.597682,-0.000023
344.705687,-0.000018
344.813699,-0.000007
344.921719,-0.000012
345.029747,-0.000001
345.137782,-0.000015
345.245824,-0.000001
345.353874,-0.000021
345.461931,-0.000013
345.569996,-0.000021
345.678068,-0.000013
345.786148,-0.000024
345.894235,-0.000007
346.00233,-0.000053
346.110432,-0.000019
346.218541,-0.000027
346.326658,-0.000023
346.434782,-0.000021
346.542914,-0.000019
346.651053,-0.000024
346.7592,-0.000026
346.867354,-0.000021
346.975516,-0.000007
347.083685,-0.000008
347.191861,-0.000013
347.300045,-0.000002
347.408236,-0.000004
347.516435,0.000001
347.624641,0.000009
347.732854,0.000001
347.841075,-0.000001
347.949304,-0.000018
348.057539,-0.000007
348.165782,-0.000008
348.274033,-0.000013
348.382291,-0.000002
348.490556,-0.000001
348.598829,0.000001
348.707109,0.000009
348.815396,0.000001
348.923691,0.000006
349.031994,-0.000012
349.140303,-0.000007
349.24862,-0.000018
349.356945,-0.000013
349.465276,-0.000005
349.573615,-0.00001
349.681962,0.000001
349.790316,-0.000016
349.898677,0.000004
350.007046,-0.000001
350.115422,-0.000005
350.223805,0.000003
350.332196,-0.000008
350.440594,-0.000001
350.548999,-0.000018
350.657412,-0.000007
350.765832,-0.000008
350.874259,-0.000019
350.982694,-0.000008
351.091136,-0.000019
351.199585,-0.000012
351.308042,-0.000016
351.416506,-0.000027
351.524978,-0.00001
351.633456,-0.000008
351.741943,-0.000007
351.850436,-0.000008
351.958937,-0.000007
352.067445,0.000001
352.17596,-0.000016
352.284483,-0.000012
352.393013,-0.000004
352.50155,-0.000012
352.610094,0.000003
352.718646,-0.000021
352.827205,-0.000013
352.935772,-0.000008
353.044346,0.000009
353.152927,-0.000012
353.261515,-0.000023
353.370111,-0.000008
353.478714,-0.000004
353.587324,0.000001
353.695941,0.000003
353.804566,-0.000024
353.913198,-0.000013
354.021837,-0.000002
354.130484,0.000003
354.239138,-0.000021
354.347799,0.000009
354.456467,0.000001
354.565143,-0.000004
354.673826,-0.000005
354.782516,-0.000007
354.891213,-0.000002
354.999918,-0.000007
355.10863,0.000007
355.217349,-0.000004
355.326075,-0.000008
355.434809,-0.00001
355.54355,-0.000008
355.652298,-0.000001
355.761053,-0.000012
355.869816,-0.000004
355.978586,0.000001
356.087363,-0.00001
356.196147,0.000004
356.304939,-0.000001
356.413737,-0.000005
356.522543,0.000009
356.631356,0.000004
356.740177,-0.000004
356.849004,-0.000012
356.957839,-0.000007
357.066681,0.000004
357.17553,0.000009
357.284386,-0.000012
357.39325,-0.000007
357.502121,-0.000008
357.610999,0.000003
357.719884,-0.000005
357.828776,-0.000001
357.937676,-0.000005
358.046582,0.000003
358.155496,-0.000008
358.264417,-0.000004
358.373346,-0.000021
358.482281,-0.000029
358.591224,-0.000021
358.700173,-0.000007
358.80913,-0.000021
358.918094,-0.000016
359.027066,-0.000024
359.136044,-0.00001
359.24503,-0.000008
359.354022,-0.000016
359.463022,-0.000002
359.572029,-0.000004
359.681043,-0.000021
359.790065,0.000003
359.899093,-0.000005
360.008129,-0.000004
360.117172,-0.000012
360.226221,0.000006
360.335278,-0.000002
360.444343,-0.000007
360.553414,0.000001
360.662492,-0.000007
360.771578,-0.000002
360.88067,-0.000013
360.98977,-0.000012
361.098877,-0.000004
361.207991,-0.000012
361.317112,0.000003
361.42624,-0.000015
361.535376,0.000003
361.644518,-0.000024
361.753667,-0.000007
361.862824,-0.000018
361.971988,0.000003
362.081159,-0.000008
362.190336,0.000009
362.299521,-0.000002
362.408713,-0.000016
362.517913,-0.000008
362.627119,-0.000013
362.736332,-0.000012
362.845553,-0.00001
362.95478,-0.000015
363.064015,-0.000013
363.173256,-0.000002
363.282505,-0.00001
363.391761,-0.000018
363.501023,-0.000001
363.610293,-0.000018
363.71957,-0.000013
363.828854,-0.000005
363.938145,-0.000001
364.047443,-0.000002
364.156748,-0.000004
364.266061,-0.000005
364.37538,-0.00001
364.484706,-0.000021
364.594039,-0.000004
364.70338,0.000004
364.812727,-0.000004
364.922082,0.000001
365.031443,-0.00001
365.140811,0.000001
365.250187,0.000012
365.359569,0.000004
365.468959,0.000006
365.578355,0.000007
365.687759,0.000003
365.79717,0.000007
365.906587,-0.000007
366.016012,0.000001
366.125443,-0.000004
366.234882,-0.000012
366.344328,-0.00001
366.45378,-0.000024
366.56324,0.000003
366.672706,-0.000012
366.78218,-0.000001
366.89166,-0.000018
367.001148,0.000006
367.110642,0.000001
367.220144,-0.000001
367.329652,-0.000002
367.439168,-0.000019
367.54869,-0.000002
367.65822,-0.000029
367.767756,0.000004
367.877299,-0.000023
367.98685,-0.000024
368.096407,-0.000001
368.205971,0.000004
368.315542,-0.000004
368.425121,-0.000015
368.534706,0.000006
368.644298,0.000007
368.753897,0.000003
368.863503,-0.000012
368.973115,-0.000001
369.082735,-0.000002
369.192362,-0.000007
369.301996,-0.000005
369.411636,-0.000007
369.521284,-0.000012
369.630938,-0.000001
369.7406,0.000007
369.850268,-0.000019
369.959943,-0.000005
370.069625,-0.000007
370.179315,-0.000002
370.289011,0.000009
370.398713,-0.000002
370.508423,0.000003
370.61814,-0.000005
370.727864,-0.000007
370.837594,-0.000005
370.947331,-0.000001
371.057076,0.000001
371.166827,-0.000004
371.276585,-0.000018
371.38635,-0.000023
371.496122,0.000011
371.605901,-0.000004
371.715686,-0.000012
371.825479,-0.000007
371.935278,-0.000005
372.045085,-0.000007
372.154898,0.000004
372.264718,0.000006
372.374545,-0.000024
372.484378,-0.000004
372.594219,-0.000002
372.704066,-0.000001
372.813921,0.000011
372.923782,-0.000004
373.03365,0.000004
373.143525,-0.000004
373.253407,0.000001
373.363295,-0.000004
373.47319,0.000004
373.583093,0.000003
373.693002,0.000001
373.802918,0.000003
373.912841,0.000001
374.02277,-0.000007
374.132707,-0.000008
374.24265,0.000003
374.3526,0.000001
374.462557,-0.000013
374.572521,-0.000008
374.682491,-0.000026
374.792468,0.000004
374.902453,-0.00001
375.012444,-0.000008
375.122441,-0.00001
375.232446,-0.000012
375.342457,-0.000007
375.452475,-0.000015
375.5625,0.000006
375.672532,-0.000015
375.782571,0.000015
375.892616,-0.000015
376.002668,-0.000016
376.112727,-0.000015
376.222793,-0.000013
376.332865,-0.000012
376.442945,-0.000007
376.553031,-0.000002
376.663124,0.000003
376.773223,-0.000015
376.883329,0.000003
376.993443,0.000001
377.103562,0.000009
377.213689,0.000001
377.323823,0.000009
377.433963,-0.000049
377.54411,-0.00001
377.654263,0.000007
377.764424,-0.000001
377.874591,-0.000008
377.984765,-0.000004
378.094945,-0.000005
378.205133,0.000015
378.315327,-0.000002
378.425528,0.000003
378.535735,-0.000046
378.64595,-0.000007
378.756171,-0.000012
378.866399,0.000009
378.976633,-0.000012
379.086874,-0.000001
379.197122,-0.000012
379.307377,-0.000001
379.417638,-0.000002
379.527906,0.000003
379.638181,-0.000008
379.748463,-0.00001
379.858751,0.000004
379.969046,-0.000007
380.079347,0.000001
380.189655,0.000003
380.29997,-0.000005
380.410292,-0.00001
380.520621,-0.000005
380.630956,-0.00001
380.741297,0.000004
380.851646,0.000015
380.962001,-0.000005
381.072363,0.000006
381.182731,-0.000008
381.293106,-0.000001
381.403488,0.000001
381.513876,-0.000013
381.624271,0.000004
381.734673,-0.000007
381.845082,0.000001
381.955497,-0.000004
382.065918,0.000004
382.176347,-0.000013
382.286782,-0.000002
382.397224,0.000006
382.507672,-0.000008
382.618127,0.000003
382.728589,0.000001
382.839057,-0.000001
382.949532,-0.000008
383.060013,0.000003
383.170501,-0.000012
383.280996,0.000003
383.391498,0.000007
383.502006,-0.00001
383.61252,-0.000018
383.723042,-0.000023
383.833569,0.000001
383.944104,-0.000016
384.054645,-0.000002
384.165193,-0.00001
384.275747,-0.000008
384.386308,-0.000013
384.496876,-0.000002
384.60745,-0.000016
384.71803,-0.000002
384.828618,-0.000016
384.939212,0.000004
385.049812,-0.000001
385.160419,-0.000012
385.271033,0.000003
385.381653,-0.000008
385.49228,-0.00001
385.602914,-0.000005
385.713554,-0.000007
385.8242,-0.000021
385.934853,-0.00001
386.045513,-0.000008
386.156179,-0.000007
386.266852,-0.000015
386.377531,-0.00001
386.488217,-0.000018
386.59891,-0.000007
386.709609,-0.000002
386.820315,-0.000019
386.931027,-0.000002
387.041746,0.000009
387.152471,-0.000021
387.263203,-0.000004
387.373941,-0.000018
387.484686,-0.000007
387.595437,-0.000024
387.706195,-0.000007
387.81696,-0.000002
387.927731,-0.000013
388.038508,-0.000005
388.149292,-0.000019
388.260083,-0.000015
388.37088,-0.000004
388.481683,-0.000008
388.592493,-0.00001
388.70331,-0.000008
388.814133,-0.000004
388.924963,-0.000008
389.035799,-0.00001
389.146642,-0.000015
389.257491,-0.00001
389.368346,0.000014
389.479208,-0.00001
389.590077,-0.000008
389.700952,-0.000007
389.811834,-0.000021
389.922722,0.000003
390.033616,-0.000015
390.144517,-0.000004
390.255425,0.000007
390.366339,-0.00001
390.477259,-0.000005
390.588186,-0.000004
390.69912,0.000004
390.810059,-0.00001
390.921006,-0.000012
391.031959,-0.00001
391.142918,-0.000008
391.253883,0.000006
391.364856,-0.000015
391.475834,-0.000013
391.586819,0.000001
391.697811,0.000009
391.808809,-0.000015
391.919813,-0.000007
392.030824,-0.000015
392.141841,-0.000001
392.252865,-0.000002
392.363895,-0.000013
392.474931,0.000007
392.585974,-0.000001
392.697023,0.000001
392.808079,-0.000038
392.919141,-0.000018
393.03021,0.000003
393.141285,-0.000012
393.252367,-0.000007
393.363454,-0.000012
393.474549,-0.000004
393.585649,-0.000002
393.696756,-0.000001
393.80787,0.000017
393.91899,-0.000016
394.030116,-0.000002
394.141249,-0.000007
394.252388,-0.000005
394.363533,-0.000004
394.474685,-0.000021
394.585843,-0.000013
394.697008,-0.000002
394.808179,-0.000001
394.919356,-0.000005
395.03054,-0.000007
395.14173,-0.000012
395.252926,0.000009
395.364129,-0.000002
395.475338,-0.000001
395.586553,-0.000008
395.697775,0.000006
395.809004,-0.000002
395.920238,-0.000019
396.031479,-0.000002
396.142726,0.000003
396.25398,0.000007
396.36524,-0.000001
396.476506,-0.000012
396.587779,0.000003
396.699058,0.000004
396.810343,-0.00001
396.921635,0.000007
397.032933,-0.000001
397.144237,-0.000002
397.255548,-0.000013
397.366865,-0.000008
397.478188,0.000003
397.589518,-0.000005
397.700854,-0.000019
397.812196,0.000001
397.923544,-0.00001
398.034899,-0.000005
398.14626,0.000003
398.257628,-0.000008
398.369001,-0.000004
398.480381,-0.000002
398.591768,0.000006
398.70316,0.000007
398.814559,-0.000004
398.925964,0.000004
399.037376,-0.000007
399.148794,-0.000005
399.260218,0.000009
399.371648,-0.000002
399.483085,-0.000013
399.594528,-0.000005
399.705977,-0.000001
399.817432,-0.000005
399.928894,0.000003
400.040362,-0.000012
400.151836,0.000003
400.263316,-0.000005
400.374803,-0.00001
400.486296,0.000007
400.597795,-0.000019
400.709301,-0.000008
400.820813,-0.000007
400.932331,0.000014
401.043855,-0.000013
401.155385,0.000007
401.266922,-0.000001
401.378465,0.000011
401.490014,-0.000001
401.601569,-0.000005
401.713131,-0.00001
401.824699,-0.000008
401.936273,0.000003
402.047853,-0.000005
402.15944,0.000006
402.271032,-0.000002
402.382631,-0.000001
402.494236,0.000001
402.605848,-0.000001
402.717465,-0.000002
402.829089,-0.000004
402.940719,-0.000008
403.052355,-0.000001
403.163998,-0.000002
403.275646,-0.000013
403.387301,0.000001
403.498962,-0.000013
403.610629,-0.000002
403.722302,0.000003
403.833982,-0.000012
403.945667,0.000006
404.057359,0.000001
404.169057,-0.000001
404.280761,-0.000008
404.392472,-0.000013
404.504188,-0.000008
404.615911,-0.00001
404.72764,-0.000005
404.839375,-0.000013
404.951116,0.000004
405.062863,-0.000016
405.174617,-0.000005
405.286376,-0.00001
405.398142,-0.000012
405.509914,-0.000004
405.621692,-0.000008
405.733476,0.000003
405.845266,-0.000002
405.957063,-0.000007
406.068865,0.000007
406.180674,-0.000004
406.292489,-0.000008
406.40431,0.000003
406.516137,-0.000002
406.62797,-0.000016
406.73981,-0.000005
406.851655,-0.000004
406.963507,-0.000005
407.075364,0.000015
407.187228,-0.000012
407.299098,-0.000001
407.410974,0.000001
407.522856,-0.000007
407.634744,0.000011
407.746639,-0.000004
407.858539,0.000007
407.970446,0.000012
408.082358,-0.000015
408.194277,-0.000007
408.306202,0.000001
408.418133,0.000003
408.530069,0.000001
408.642012,-0.00001
408.753962,0.000007
408.865917,-0.000001
408.977878,-0.000015
409.089845,-0.000038
409.201819,-0.000012
409.313798,-0.000013
409.425783,-0.000002
409.537775,-0.00001
409.649773,0.000007
409.761776,0.000003
409.873786,-0.000021
409.985802,0.000003
410.097823,-0.000012
410.209851,-0.00001
410.321885,-0.000002
410.433925,-0.000007
410.545971,0.000007
410.658023,-0.000007
410.770081,-0.000018
410.882145,-0.000001
410.994215,0.000001
411.106291,-0.000007
411.218373,-0.000015
411.330461,-0.000001
411.442556,-0.000002
411.554656,-0.000001
411.666762,-0.000018
411.778874,-0.000007
411.890992,-0.000018
412.003117,-0.000007
412.115247,-0.000018
412.227383,0.000003
412.339525,-0.000012
412.451673,0.000006
412.563828,-0.000005
412.675988,-0.000001
412.788154,-0.000002
412.900326,0.000003
413.012504,0.000001
413.124688,0.000003
413.236879,-0.000005
413.349075,0.000003
413.461277,-0.000008
413.573485,-0.000001
413.685699,0.000001
413.797919,-0.000001
413.910145,0.000001
414.022376,-0.000004
414.134614,-0.000015
414.246858,-0.000007
414.359108,-0.000005
414.471364,-0.000007
414.583625,-0.000008
414.695893,0.000006
414.808166,-0.000018
414.920446,0.000009
415.032731,-0.000012
415.145023,-0.000001
415.25732,-0.000015
415.369623,-0.00001
415.481932,-0.000015
415.594248,-0.000013
415.706569,-0.000012
415.818896,0.000003
415.931228,-0.000002
416.043567,0.000006
416.155912,0.000004
416.268263,-0.000007
416.380619,-0.000008
416.492982,0.000003
416.60535,-0.000012
416.717724,-0.000004
416.830104,-0.000002
416.94249,-0.000007
417.054882,0.000001
417.16728,-0.000001
417.279684,0.000011
417.392093,0.000003
417.504509,-0.000012
417.61693,-0.000016
417.729358,-0.00003
417.841791,-0.00001
417.95423,-0.000005
418.066675,-0.000007
418.179126,-0.000018
418.291582,0.000003
418.404045,-0.000015
418.516513,-0.000019
418.628987,0.000004
418.741467,-0.000004
418.853953,-0.000005
418.966445,-0.000007
419.078943,-0.000008
419.191446,-0.00001
419.303956,-0.000012
419.416471,0.000009
419.528992,-0.000002
419.641519,-0.000007
419.754052,0.000001
419.86659,0.000006
419.979135,-0.000005
420.091685,-0.000007
420.204241,0.000001
420.316803,-0.000019
420.429371,0.000001
420.541944,-0.000004
420.654524,-0.000002
420.767109,0.000006
420.8797,0.000007
420.992297,-0.00001
421.104899,0.000007
421.217508,0.000003
421.330122,-0.000002
421.442742,-0.000004
421.555368,-0.000005
421.667999,-0.000001
421.780637,0.000007
421.89328,-0.000004
422.005929,-0.000005
422.118584,-0.000004
422.231244,-0.000012
422.343911,-0.000004
422.456583,-0.000018
422.569261,0.000003
422.681945,-0.000012
422.794634,0.000006
422.907329,-0.000018
423.02003,-0.000007
423.132737,-0.000008
423.24545,-0.000007
423.358168,-0.000008
423.470892,0.000009
423.583622,-0.000008
423.696357,-0.000004
423.809099,0.000004
423.921846,-0.00001
424.034599,-0.000002
424.147357,-0.000013
424.260122,0.000004
424.372892,0.000012
424.485667,-0.000002
424.598449,-0.00001
424.711236,-0.000012
424.824029,-0.000001
424.936828,0.000004
425.049632,0.000003
425.162443,-0.000002
425.275258,-0.00001
425.38808,-0.000018
425.500907,-0.000001
425.61374,-0.000002
425.726579,-0.000007
425.839424,-0.000005
425.952274,0.000003
426.06513,0.000001
426.177991,-0.00001
426.290858,-0.000005
426.403731,-0.000007
426.51661,-0.000012
426.629494,-0.000019
426.742384,-0.000005
426.85528,-0.000013
426.968181,-0.000005
427.081089,0.000003
427.194001,0.000001
427.30692,-0.000004
427.419844,-0.000008
427.532774,0.000006
427.645709,-0.000012
427.75865,-0.00001
427.871597,0.000001
427.984549,-0.000013
428.097508,-0.000012
428.210471,-0.00001
428.323441,-0.000012
428.436416,0.000006
428.549397,-0.000015
428.662383,-0.000004
428.775375,-0.000018
428.888373,0.000006
429.001376,0.000001
429.114385,-0.000013
429.227399,-0.000012
429.34042,-0.000007
429.453446,0.000004
429.566477,0.000006
429.679514,-0.000008
429.792557,-0.00001
429.905605,-0.000005
430.018659,-0.000004
430.131719,0.000004
430.244784,-0.000007
430.357855,0.000001
430.470931,0.000003
430.584013,-0.000008
430.697101,0.000006
430.810194,-0.000005
430.923293,-0.000029
431.036397,0.000042
431.149507,-0.000042
431.262623,0.000026
431.375744,-0.000045
431.488871,0.000029
431.602003,-0.000054
431.715141,0.000036
431.828285,-0.000042
431.941434,0.000036
432.054589,-0.000054
432.167749,0.000004
432.280915,-0.000048
432.394086,0.000042
432.507263,-0.000038
432.620446,0.000029
432.733634,-0.000035
432.846827,0.000042
432.960026,-0.000042
433.073231,0.000045
433.186442,-0.000054
433.299657,0.000029
433.412879,-0.000057
433.526106,0.000033
433.639338,-0.000048
433.752576,0.000045
433.86582,-0.000038
433.979069,0.000023
434.092324,-0.000051
434.205584,0.000029
434.318849,-0.000051
434.432121,0.000033
434.545397,-0.000048
434.65868,0.000026
434.771967,-0.000038
434.885261,0.000036
434.99856,-0.000051
435.111864,0.000029
435.225174,-0.000045
435.338489,0.000051
435.45181,-0.000038
435.565136,0.000029
435.678468,-0.000054
435.791805,0.000029
435.905148,-0.000048
436.018497,0.000033
436.13185,-0.000057
436.24521,0.000039
436.358574,-0.000048
436.471945,0.000039
436.58532,-0.000051
436.698702,0.000036
436.812088,-0.000045
436.92548,0.000026
437.038878,-0.000042
437.152281,0.000033
437.26569,-0.000048
437.379104,0.000036
437.492523,-0.000045
437.605948,0.000026
437.719379,-0.000042
437.832814,0.000033
437.946256,-0.000042
438.059702,0.000029
438.173155,-0.000064
438.286612,0.000036
438.400075,-0.000038
438.513544,0.00002
438.627018,-0.000054
438.740497,0.000029
438.853982,-0.000038
438.967472,0.000023
439.080968,-0.000035
439.194469,0.000033
439.307975,-0.000048
439.421487,0.000029
439.535005,-0.000035
439.648527,0.000039
439.762056,-0.000042
439.875589,0.000033
439.989128,-0.000045
440.102673,0.000051
440.216222,-0.000045
440.329777,0.000023
440.443338,-0.000048
440.556904,0.000033
440.670475,-0.000048
440.784052,0.000033
440.897634,-0.000048
441.011222,0.000029
441.124815,-0.000045
441.238413,0.000033
441.352017,-0.000032
441.465626,0.000036
441.57924,-0.000051
441.69286,0.000029
441.806485,-0.000045
441.920116,0.000045
442.033752,-0.000048
442.147393,0.000023
442.261039,-0.000045
442.374691,0.000029
442.488349,-0.000051
442.602011,0.00002
442.715679,-0.000042
442.829353,0.000039
442.943031,-0.000051
443.056715,0.000042
443.170405,-0.000045
443.2841,0.000033
443.3978,-0.000042
443.511505,0.000029
443.625216,-0.00006
443.738932,0.000039
443.852653,-0.000045
443.96638,0.000042
444.080112,-0.000057
444.193849,0.000033
444.307592,-0.000045
444.42134,0.000055
444.535093,-0.000045
444.648852,0.000042
444.762615,-0.000045
444.876385,0.000029
444.990159,-0.000042
445.103939,0.000039
445.217724,-0.000054
445.331514,0.000026
445.44531,-0.000029
445.559111,0.000058
445.672917,-0.000057
445.786729,0.000039
445.900545,-0.000042
446.014367,0.000029
446.128195,-0.000051
446.242027,0.000039
446.355865,-0.000051
446.469709,0.000036
446.583557,-0.000035
446.697411,0.000039
446.81127,-0.000045
446.925134,0.000026
447.039003,-0.000045
447.152878,0.000036
447.266758,-0.000026
447.380643,0.000033
447.494534,-0.000038
447.608429,0.000036
447.72233,-0.000038
447.836237,0.000036
447.950148,-0.00006
448.064065,0.000036
448.177987,-0.000042
448.291914,0.000029
448.405846,-0.000048
448.519784,0.000029
448.633726,-0.000051
448.747674,0.000039
448.861628,-0.000048
448.975586,0.000048
449.08955,-0.000051
449.203519,0.000039
449.317493,-0.000057
449.431472,0.000039
449.545457,-0.000045
449.659446,0.000051
449.773441,-0.000042
449.887441,0.000042
450.001447,-0.000048
450.115457,0.000033
450.229473,-0.000029
450.343494,0.000051
450.45752,-0.000054
450.571551,0.000039
450.685587,-0.000054
450.799629,0.000029
450.913676,-0.000051
451.027728,0.000029
451.141785,-0.000051
451.255847,0.000036
451.369915,-0.000038
451.483987,0.000029
451.598065,-0.000054
451.712148,0.000036
451.826236,-0.000042
451.940329,0.000042
452.054428,-0.000026
452.168531,0.000036
452.28264,-0.000057
452.396754,0.000026
452.510873,-0.000042
452.624997,0.000029
452.739126,-0.000038
452.85326,0.000029
452.9674,-0.000045
453.081544,0.000036
453.195694,-0.000054
453.309849,0.000033
453.424009,-0.000054
453.538174,0.000029
453.652344,-0.000032
453.76652,0.000023
453.8807,-0.000038
453.994886,0.000029
454.109076,-0.000038
454.223272,0.000039
454.337473,-0.000048
454.451679,0.000023
454.56589,-0.000042
454.680106,0.000026
454.794328,-0.000051
454.908554,0.000036
455.022785,-0.000057
455.137022,0.000026
455.251264,-0.000051
455.36551,0.000023
455.479762,-0.000048
455.594019,0.000045
455.708281,-0.00006
455.822548,0.000029
455.93682,-0.000054
456.051097,0.000029
456.165379,-0.000051
456.279666,0.000045
456.393959,-0.000038
456.508256,0.000039
456.622559,-0.000023
456.736866,0.000026
456.851179,-0.000035
456.965496,0.000048
457.079819,-0.000045
457.194146,0.000033
457.308479,-0.000064
457.422817,0.000039
457.53716,-0.000042
457.651507,0.000033
457.76586,-0.000042
457.880218,0.000029
457.994581,-0.000051
458.108949,0.000039
458.223322,-0.000048
458.3377,0.000036
458.452083,-0.000032
458.566471,0.000039
458.680864,-0.000045
458.795262,0.000055
458.909665,-0.000048
459.024073,0.000033
459.138486,-0.000054
459.252904,0.000033
459.367327,-0.000045
459.481755,0.000033
459.596188,-0.000045
459.710626,0.000029
459.825069,-0.000054
459.939517,0.000042
460.05397,-0.00001
460.168427,0.000001
460.28289,-0.000004
460.397358,-0.000008
460.511831,-0.000004
460.626309,-0.000027
460.740792,-0.000013
460.855279,-0.000008
460.969772,-0.000004
461.08427,-0.000021
461.198772,-0.000004
461.31328,-0.000012
461.427792,-0.000001
461.54231,-0.000018
461.656832,0.000003
461.77136,-0.000015
461.885892,0.000003
462.000429,-0.000005
462.114971,-0.000013
462.229518,-0.000005
462.34407,-0.000007
462.458627,-0.000002
462.573189,0.000003
462.687756,-0.000008
462.802328,-0.000001
462.916905,-0.000021
463.031486,-0.000001
463.146073,-0.000018
463.260664,0.000012
463.37526,-0.000018
463.489862,0.000006
463.604468,-0.000018
463.719079,-0.000004
463.833695,-0.000012
463.948316,-0.00001
464.062941,0.000007
464.177572,0.000003
464.292208,-0.000002
464.406848,0.000003
464.521493,-0.000002
464.636144,0.000009
464.750799,-0.000005
464.865459,-0.000016
464.980124,-0.000008
465.094793,0.000006
465.209468,0.000001
465.324147,0.000003
465.438832,-0.000015
465.553521,0.000003
465.668215,-0.000024
465.782914,-0.000007
465.897618,-0.000002
466.012326,-0.000007
466.12704,-0.000005
466.241758,-0.000004
466.356481,-0.000012
466.471209,-0.000001
466.585942,-0.000005
466.70068,-0.000007
466.815423,-0.000005
466.93017,0.000003
467.044922,-0.000012
467.159679,-0.000013
467.274441,-0.000002
467.389208,-0.000007
467.503979,0.000014
467.618756,-0.000001
467.733537,-0.000012
467.848323,-0.000004
467.963114,-0.000005
468.077909,0.000003
468.19271,-0.000015
468.307515,-0.00001
468.422325,-0.000002
468.53714,0.000003
468.65196,-0.000015
468.766784,0.000015
468.881613,-0.000008
468.996447,-0.000001
469.111286,-0.000008
469.22613,-0.000001
469.340978,-0.000005
469.455832,-0.000004
469.57069,-0.000012
469.685552,-0.00001
469.80042,-0.000015
469.915292,-0.000007
470.030169,-0.000005
470.145051,-0.000007
470.259938,-0.000012
470.374829,-0.00001
470.489725,-0.000012
470.604626,-0.000007
470.719532,0.000001
470.834442,-0.000007
470.949357,-0.000005
471.064277,-0.000007
471.179202,-0.000008
471.294131,-0.000001
471.409066,-0.000012
471.524004,-0.000004
471.638948,-0.000005
471.753896,0.000003
471.868849,-0.000002
471.983807,-0.000013
472.09877,-0.000002
472.213737,-0.000001
472.328709,-0.000002
472.443686,-0.000013
472.558667,-0.000015
472.673653,-0.000001
472.788644,-0.000015
472.90364,-0.000013
473.01864,-0.000005
473.133645,-0.000016
473.248655,0.000001
473.363669,0.000003
473.478688,-0.000012
473.593712,-0.000004
473.708741,-0.000005
473.823774,-0.00001
473.938812,-0.000002
474.053854,0.000003
474.168902,-0.000005
474.283954,0.000006
474.39901,-0.000012
474.514071,-0.000007
474.629137,-0.000012
474.744208,-0.000016
474.859283,-0.000002
474.974363,0.000003
475.089448,-0.000005
475.204537,0.000015
475.319631,-0.000008
475.43473,0.000009
475.549833,-0.000005
475.664941,-0.000001
475.780054,0.000001
475.895171,0.000009
476.010293,0.000004
476.125419,0.000012
476.24055,0.000001
476.355686,-0.000004
476.470827,0.000001
476.585972,-0.000007
476.701121,-0.000005
476.816276,-0.000013
476.931435,-0.000002
477.046598,0.000009
477.161766,-0.000002
477.276939,-0.000004
477.392117,-0.000002
477.507299,-0.000004
477.622485,0.000001
477.737677,-0.000007
477.852873,0.000007
477.968073,-0.000042
478.083278,-0.000008
478.198488,-0.00001
478.313702,-0.000012
478.428921,-0.00001
478.544144,0.000007
478.659373,-0.00001
478.774605,-0.000015
478.889842,-0.000016
479.005084,-0.000012
479.120331,0.000009
479.235582,0.000001
479.350837,-0.000013
479.466097,0.000001
479.581362,-0.000016
479.696631,-0.000005
479.811905,0.000006
479.927184,0.000011
480.042467,-0.000007
480.157754,-0.000015
480.273046,-0.000001
480.388343,0.000004
480.503644,-0.000016
480.61895,-0.000018
480.73426,-0.000007
480.849575,-0.000018
480.964894,0.000012
481.080218,-0.000021
481.195546,-0.00001
481.310879,-0.000012
481.426217,-0.00001
481.541559,-0.000005
481.656906,-0.000004
481.772257,-0.000012
481.887612,0.000003
482.002972,-0.000005
482.118337,-0.00001
482.233706,-0.000002
482.34908,-0.000013
482.464458,0.000001
482.579841,-0.00001
482.695228,0.000004
482.81062,-0.00001
482.926016,-0.000008
483.041417,-0.000001
483.156822,-0.000015
483.272232,0.000006
483.387646,0.000007
483.503064,-0.000001
483.618488,-0.000008
483.733915,-0.000004
483.849347,-0.000005
483.964784,0.000012
484.080225,0.000004
484.195671,-0.00001
484.311121,-0.000008
484.426575,-0.000004
484.542034,0.000004
484.657498,0.000009
484.772966,0.000004
484.888438,0.000003
485.003915,0.000007
485.119396,0.000003
485.234882,-0.000002
485.350372,-0.000001
485.465867,-0.000027
485.581366,0.000003
485.696869,0.000007
485.812377,-0.000007
485.92789,0.000001
486.043406,0.000003
486.158928,-0.000002
486.274453,0.000003
486.389983,-0.000012
486.505518,-0.00001
486.621057,-0.000018
486.7366,0.000006
486.852148,-0.000024
486.9677,-0.000001
487.083257,-0.000005
487.198818,-0.00001
487.314384,0.000011
487.429953,-0.000019
487.545528,-0.000008
487.661106,-0.000004
487.77669,0.000007
487.892277,-0.000001
488.007869,-0.000015
488.123465,-0.000013
488.239066,-0.000012
488.354671,-0.000004
488.47028,-0.000005
488.585894,-0.000016
488.701512,0.000004
488.817135,-0.000013
488.932762,-0.000008
489.048393,-0.000016
489.164029,-0.000008
489.279669,-0.00001
489.395313,-0.000008
489.510962,-0.000054
489.626615,0.000036
489.742273,-0.000045
489.857935,0.000039
489.973601,-0.000051
490.089271,0.000029
490.204946,-0.000048
490.320626,0.000033
490.436309,-0.000054
490.551997,0.000017
490.667689,-0.000054
490.783386,0.000039
490.899087,-0.000038
491.014792,0.000039
491.130502,-0.000048
491.246216,0.000039
491.361934,-0.000042
491.477657,0.000039
491.593384,-0.000054
491.709115,0.000036
491.82485,-0.000051
491.94059,0.000029
492.056334,-0.000051
492.172083,0.00002
492.287836,-0.000064
492.403593,0.000045
492.519354,-0.000048
492.63512,0.000036
492.75089,-0.000042
492.866664,0.000026
492.982443,-0.000045
493.098226,0.000029
493.214013,-0.000054
493.329804,0.000029
493.4456,-0.000051
493.5614,0.000023
493.677204,-0.000054
493.793013,0.000042
493.908826,-0.000042
494.024643,0.000033
494.140464,-0.000042
494.25629,0.000048
494.372119,-0.000035
494.487954,0.000029
494.603792,-0.000048
494.719635,0.000029
494.835482,-0.000038
494.951333,0.000033
495.067188,-0.000035
495.183048,0.000029
495.298912,-0.000042
495.41478,0.000023
495.530652,-0.000057
495.646529,0.000026
495.762409,-0.00006
495.878295,0.000042
495.994184,-0.000051
496.110077,0.000042
496.225975,-0.000051
496.341877,0.000045
496.457783,-0.000054
496.573694,0.000048
496.689608,-0.000029
496.805527,0.000007
496.92145,-0.000045
497.037377,0.000026
497.153309,-0.000054
497.269244,0.000042
497.385184,-0.000067
497.501128,0.000036
497.617077,-0.000048
497.733029,0.000045
497.848986,-0.000035
497.964946,0.000042
498.080911,-0.000042
498.196881,0.000039
498.312854,-0.000051
498.428831,0.000036
498.544813,-0.000051
498.660799,0.000039
498.776789,-0.000048
498.892783,0.000029
499.008782,-0.000048
499.124784,0.000036
499.240791,-0.000045
499.356802,0.000033
499.472817,-0.000048
499.588836,0.000033
499.704859,-0.000038
499.820887,0.00002
499.936918,-0.000051
500.052954,0.000039
500.168994,-0.000045
500.285038,0.000026
500.401086,-0.000045
500.517138,0.000029
500.633195,-0.000054
500.749256,0.000029
500.86532,-0.000048
500.981389,0.000033
501.097462,-0.000045
501.213539,0.000039
501.32962,-0.000045
501.445706,0.000026
501.561795,-0.000042
501.677888,0.000023
501.793986,-0.000048
501.910088,0.000042
502.026194,-0.00006
502.142304,0.000036
502.258418,-0.000054
502.374536,0.000033
502.490658,-0.00006
502.606784,0.000033
502.722915,-0.000042
502.839049,0.000036
502.955188,-0.000035
503.07133,0.000033
503.187477,-0.000057
503.303628,0.000023
503.419783,-0.000048
503.535942,0.000029
503.652105,-0.00006
503.768272,0.000036
503.884443,-0.000042
504.000618,0.000023
504.116797,-0.000035
504.232981,0.000039
504.349168,-0.000042
504.46536,0.000045
504.581555,-0.000038
504.697755,0.000045
504.813958,-0.000048
504.930166,0.000029
505.046377,-0.000048
505.162593,0.000029
505.278813,-0.000045
505.395037,0.000026
505.511264,-0.000045
505.627496,0.000026
505.743732,-0.000051
505.859972,0.000051
505.976216,-0.00006
506.092464,0.000045
506.208716,-0.000042
506.324972,0.000026
506.441232,-0.000051
506.557496,0.000045
506.673764,-0.000048
506.790035,0.000036
506.906311,-0.000045
507.022591,0.000039
507.138875,-0.000057
507.255163,0.000045
507.371455,-0.000038
507.487751,0.00002
507.604051,-0.000051
507.720355,0.000033
507.836663,-0.000042
507.952975,0.000017
508.069291,-0.000054
508.185611,0.000036
508.301934,-0.000054
508.418262,0.000036
508.534594,-0.000048
508.65093,0.000042
508.767269,-0.00006
508.883613,0.000029
508.99996,-0.00006
509.116312,0.000045
509.232667,-0.000048
509.349027,0.000036
509.46539,-0.000057
509.581758,0.000029
509.698129,-0.000032
509.814504,0.000036
509.930883,-0.000057
510.047266,0.000029
510.163653,-0.000051
510.280044,0.000036
510.396439,-0.000045
510.512838,0.000048
510.629241,-0.000048
510.745647,0.000033
510.862058,-0.000032
510.978472,0.000036
511.094891,-0.000067
511.211313,0.00002
511.327739,-0.000064
511.44417,0.000029
511.560604,-0.000054
511.677042,0.000033
511.793483,-0.000048
511.909929,0.000033
512.026379,-0.000038
512.142832,0.000023
512.25929,-0.00007
512.375751,0.000033
512.492216,-0.000064
512.608685,0.000029
512.725158,-0.000067
512.841635,0.000026
512.958116,-0.000042
513.0746,0.000039
513.191089,-0.000038
513.307581,0.000036
513.424077,-0.000032
513.540577,0.000039
513.657081,-0.000051
513.773589,0.000026
513.890101,-0.000051
514.006616,0.000023
514.123136,-0.000051
514.239659,0.000036
514.356186,-0.000048
514.472717,0.000039
514.589251,-0.00006
514.70579,0.000029
514.822332,-0.00006
514.938879,0.000029
515.055429,-0.000054
515.171983,0.000023
515.28854,-0.000032
515.405102,0.000039
515.521667,-0.000054
515.638236,0.000033
515.754809,-0.000067
515.871386,0.000039
515.987967,-0.000054
516.104551,0.000029
516.221139,-0.000067
516.337732,0.000042
516.454327,-0.000045
516.570927,0.000039
516.687531,-0.000054
516.804138,0.000048
516.920749,-0.000035
517.037364,0.000033
517.153982,-0.000054
517.270605,0.000039
517.387231,-0.000042
517.503861,0.000036
517.620495,-0.000032
517.737132,0.000048
517.853774,-0.000051
517.970419,0.000029
518.087067,-0.000048
518.20372,0.000011
518.320376,-0.000048
518.437037,0.000026
518.553701,-0.000048
518.670368,0.000045
518.78704,-0.000048
518.903715,0.000033
519.020394,-0.000045
519.137076,0.000033
519.253763,0.000003
519.370453,0.000001
519.487147,0.000003
519.603845,-0.000012
519.720546,-0.00001
519.837251,-0.000005
519.95396,-0.000013
520.070672,-0.000015
520.187389,-0.000007
520.304109,0.000014
520.420832,-0.000007
520.53756,-0.000021
520.654291,-0.000007
520.771026,-0.000005
520.887765,0.000012
521.004507,-0.000012
521.121253,0.000003
521.238003,0.000004
521.354756,0.000003
521.471513,-0.000005
521.588274,-0.000013
521.705039,-0.000008
521.821807,0.000009
521.938579,-0.000008
522.055354,0.000009
522.172133,-0.000012
522.288916,-0.000004
522.405703,-0.000005
522.522493,-0.000001
522.639287,-0.000012
522.756085,-0.000004
522.872886,-0.000015
522.989691,-0.000016
523.1065,-0.000002
523.223312,-0.000019
523.340128,0.000004
523.456948,-0.00001
523.573771,-0.000005
523.690598,-0.000004
523.807429,-0.000018
523.924263,-0.000004
524.041101,0.000007
524.157943,0.000006
524.274788,-0.000015
524.391637,-0.000001
524.508489,0.00002
524.625345,0.000009
524.742205,-0.000012
524.859068,0.000003
524.975935,0.000001
525.092806,-0.000001
525.20968,0.000001
525.326558,-0.000004
525.443439,-0.000002
525.560324,-0.000001
525.677213,-0.000015
525.794105,-0.000013
525.911001,0.000011
526.027901,-0.00001
526.144804,-0.000005
526.261711,0.000003
526.378621,-0.000002
526.495535,-0.000007
526.612452,-0.000002
526.729374,-0.000001
526.846298,-0.000005
526.963227,-0.000013
527.080158,-0.000015
527.197094,-0.000001
527.314033,0.000001
527.430975,-0.000001
527.547922,0.000001
527.664871,-0.000007
527.781825,-0.000005
527.898782,0.000006
528.015742,-0.000015
528.132706,0.000003
528.249674,-0.000005
528.366645,-0.000013
528.483619,-0.000015
528.600598,0.000003
528.717579,0.000004
528.834565,0.000015
528.951554,-0.000002
529.068546,0.000009
529.185542,-0.000005
529.302541,0.000003
529.419544,-0.000008
529.536551,-0.000001
529.653561,-0.000008
529.770575,-0.000007
529.887592,-0.000005
530.004612,-0.000013
530.121637,-0.000021
530.238664,-0.00001
530.355696,-0.000015
530.47273,0.000009
530.589769,-0.000027
530.70681,-0.000001
530.823856,-0.000015
530.940904,-0.000013
531.057957,-0.000015
531.175012,-0.000007
531.292072,-0.000015
531.409134,-0.000004
531.526201,-0.000005
531.64327,-0.00001
531.760344,-0.000005
531.87742,-0.000007
531.994501,-0.000005
532.111584,0.000003
532.228671,-0.000008
532.345762,-0.000013
532.462856,-0.000027
532.579954,-0.000019
532.697055,-0.00003
532.814159,-0.000013
532.931267,-0.000021
533.048379,-0.000019
533.165493,-0.000018
533.282612,-0.000019
533.399734,-0.000027
533.516859,-0.000029
533.633988,-0.000037
533.75112,-0.000026
533.868255,-0.00004
533.985394,-0.000026
534.102537,-0.000037
534.219683,-0.000019
534.336832,-0.00003
534.453985,0.000003
534.571141,-0.000024
534.688301,-0.000023
534.805464,-0.000015
534.92263,-0.000013
535.0398,-0.000008
535.156973,-0.000004
535.27415,-0.000015
535.39133,-0.000007
535.508514,0.000001
535.625701,-0.000023
535.742891,-0.000008
535.860085,-0.000001
535.977282,-0.000008
536.094482,-0.000004
536.211686,-0.000015
536.328894,-0.000001
536.446104,-0.000002
536.563318,0.000009
536.680536,-0.000002
536.797757,-0.000007
536.914981,-0.000008
537.032209,-0.000004
537.14944,-0.000005
537.266674,-0.000007
537.383912,-0.000008
537.501153,-0.000016
537.618398,-0.000024
537.735645,-0.00001
537.852897,-0.000012
537.970151,-0.000004
538.087409,-0.000005
538.20467,-0.000001
538.321935,0.000004
538.439203,0.000003
538.556474,-0.000018
538.673749,0.000003
538.791027,0.000001
538.908309,-0.000016
539.025593,0.000007
539.142881,0.000012
539.260173,-0.000024
539.377467,-0.000007
539.494765,-0.00004
539.612067,-0.000048
539.729371,-0.000043
539.846679,-0.000035
539.963991,-0.000034
540.081305,-0.000038
540.198623,-0.000021
540.315945,-0.000016
540.433269,-0.000037
540.550597,-0.000013
540.667928,-0.000024
540.785263,-0.000016
540.9026,-0.000002
541.019942,-0.000007
541.137286,0.000001
541.254634,-0.00001
541.371985,0.000001
541.489339,0.000003
541.606696,-0.000015
541.724057,-0.000016
541.841421,-0.000002
541.958789,0.000003
542.076159,-0.000005
542.193533,-0.000013
542.31091,-0.000005
542.428291,-0.000007
542.545674,-0.000012
542.663061,-0.000013
542.780452,-0.000012
542.897845,0.000003
543.015242,-0.000012
543.132642,-0.000007
543.250045,-0.000002
543.367452,-0.000001
543.484861,0.000001
543.602274,-0.000007
543.71969,-0.000005
543.83711,-0.000023
543.954533,-0.000012
544.071959,-0.000004
544.189388,-0.000005
544.30682,-0.000007
544.424256,-0.000024
544.541695,-0.000029
544.659137,-0.000012
544.776582,-0.000007
544.89403,-0.000015
545.011482,-0.000004
545.128937,-0.000015
545.246395,-0.00001
545.363857,-0.000012
545.481321,-0.00001
545.598789,-0.000015
545.71626,-0.000001
545.833734,-0.000012
545.951211,-0.000016
546.068692,-0.000015
546.186175,-0.00001
546.303662,-0.000015
546.421152,-0.000007
546.538646,-0.000018
546.656142,-0.00001
546.773642,-0.000015
546.891145,-0.000001
547.008651,-0.000021
547.12616,-0.000001
547.243672,-0.000005
547.361188,-0.000013
547.478706,0.000007
547.596228,-0.000004
547.713753,-0.000002
547.831281,-0.000013
547.948812,-0.000018
548.066347,-0.000013
548.183884,-0.00003
548.301425,-0.000001
548.418969,-0.000012
548.536516,-0.000001
548.654066,-0.000002
548.77162,-0.00001
548.889176,-0.000012
549.006736,-0.000004
549.124298,-0.000002
549.241864,-0.00006
549.359433,0.000033
549.477005,-0.000038
549.59458,0.000039
549.712159,-0.000042
549.82974,0.000045
549.947324,-0.000048
550.064912,0.000026
550.182503,-0.00006
550.300097,0.000033
550.417694,-0.000048
550.535294,0.000033
550.652897,-0.000048
550.770503,0.000029
550.888112,-0.000048
551.005725,0.000026
551.12334,-0.000045
551.240959,0.000039
551.358581,-0.000042
551.476206,0.000033
551.593833,-0.000048
551.711464,0.000036
551.829098,-0.000051
551.946735,0.000033
552.064376,-0.000042
552.182019,0.000029
552.299665,-0.000057
552.417314,0.000033
552.534967,-0.000042
552.652622,0.000039
552.770281,-0.000051
552.887942,0.000017
553.005607,-0.000048
553.123275,0.000023
553.240945,-0.000042
553.358619,0.000026
553.476296,-0.000054
553.593976,0.000036
553.711659,-0.000042
553.829344,0.000029
553.947033,-0.000051
554.064725,0.000029
554.18242,-0.000076
554.300118,0.000036
554.417819,-0.000045
554.535523,0.00002
554.65323,-0.000045
554.77094,0.000026
554.888654,-0.000048
555.00637,0.000029
555.124089,-0.000038
555.241811,0.000029
555.359536,-0.000048
555.477264,0.000029
555.594995,-0.000035
555.712729,0.000036
555.830466,-0.000048
555.948206,0.000026
556.06595,-0.000048
556.183696,0.000033
556.301445,-0.000042
556.419197,0.000042
556.536952,-0.000051
556.65471,0.000039
556.772471,-0.000054
556.890234,0.000026
557.008001,-0.000057
557.125771,0.000011
557.243544,-0.000045
557.36132,0.000045
557.479098,-0.00006
557.59688,0.00002
557.714665,-0.000048
557.832452,0.000036
557.950243,-0.000051
558.068036,0.000045
558.185833,-0.000035
558.303632,0.00002
558.421434,-0.000057
558.53924,0.000051
558.657048,-0.000051
558.774859,0.000029
558.892673,-0.000051
559.01049,0.000023
559.12831,-0.000048
559.246133,0.000029
559.363958,-0.000045
559.481787,0.000017
559.599619,-0.000054
559.717453,0.000026
559.835291,-0.000038
559.953131,0.000023
560.070974,-0.000051
560.18882,0.000042
560.306669,-0.000038
560.424521,0.000029
560.542376,-0.000054
560.660234,0.000036
560.778094,-0.00006
560.895958,0.000039
561.013824,-0.000048
561.131693,0.000017
561.249565,-0.000045
561.36744,0.000033
561.485318,-0.000038
561.603199,0.000036
561.721082,-0.000048
561.838969,0.000033
561.956858,-0.000045
562.074751,0.000045
562.192646,-0.000029
562.310544,0.000036
562.428444,-0.000051
562.546348,0.000036
562.664255,-0.000042
562.782164,0.000033
562.900076,-0.000054
563.017991,0.000033
563.135909,-0.00006
563.25383,0.000023
563.371753,-0.000048
563.48968,0.000026
563.607609,-0.000032
563.725541,0.000023
563.843476,-0.000051
563.961414,0.000033
564.079354,-0.000032
564.197297,0.000036
564.315244,-0.000057
564.433193,0.000033
564.551144,-0.000045
564.669099,0.000042
564.787056,-0.000045
564.905017,0.000045
565.02298,-0.000054
565.140946,0.00002
565.258914,-0.000045
565.376886,0.000029
565.49486,-0.000042
565.612837,0.000045
565.730817,-0.000048
565.848799,0.000023
565.966785,-0.000054
566.084773,0.000029
566.202764,-0.000042
566.320758,0.000029
566.438754,-0.000048
566.556753,0.00002
566.674755,-0.000045
566.79276,0.000042
566.910768,-0.000054
567.028778,0.000033
567.146791,-0.000057
567.264807,0.000029
567.382826,-0.000051
567.500847,0.000029
567.618871,-0.000057
567.736898,0.000036
567.854927,-0.000048
567.97296,0.000007
568.090995,-0.000057
568.209033,0.000036
568.327073,-0.000054
568.445117,0.000033
568.563163,-0.000054
568.681211,0.000036
568.799263,-0.000089
568.917317,0.000029
569.035374,-0.000054
569.153434,0.000026
569.271496,-0.000064
569.389561,0.00002
569.507629,-0.000048
569.625699,0.000033
569.743773,-0.000042
569.861848,0.000026
569.979927,-0.000048
570.098008,0.000001
570.216092,-0.000048
570.334179,0.000036
570.452269,-0.000048
570.570361,0.000017
570.688455,-0.000064
570.806553,0.000023
570.924653,-0.000042
571.042756,0.000033
571.160861,-0.000057
571.278969,0.000039
571.39708,-0.000079
571.515194,0.000029
571.63331,-0.000057
571.751429,0.000036
571.86955,-0.000042
571.987675,0.000017
572.105801,-0.000042
572.223931,0.00002
572.342063,-0.000045
572.460198,0.000042
572.578335,-0.000038
572.696475,0.000042
572.814618,-0.000051
572.932764,0.000026
573.050912,-0.000067
573.169062,0.000026
573.287216,-0.000048
573.405372,0.000042
573.52353,-0.00006
573.641691,0.000036
573.759855,-0.000045
573.878022,0.000036
573.996191,-0.000045
574.114362,0.000029
574.232537,-0.000057
574.350713,0.000023
574.468893,-0.000064
574.587075,0.000029
574.70526,-0.000051
574.823447,0.000033
574.941637,-0.000048
575.05983,0.000011
575.178025,-0.000067
575.296222,0.000017
575.414423,-0.000051
575.532626,0.000039
575.650831,-0.000054
575.769039,0.00002
575.88725,-0.000073
576.005463,-0.000005
576.123679,-0.000089
576.241897,-0.000002
576.360118,-0.000083
576.478342,-0.000005
576.596568,-0.000067
576.714797,0.000004
576.833028,-0.000067
576.951262,0.000007
577.069498,-0.000073
577.187737,0.000026
577.305978,-0.000048
577.424222,0.000017
577.542469,-0.000054
577.660718,0.000036
577.778969,-0.00006
577.897224,0.000026
578.01548,-0.000054
578.13374,0.000029
578.252001,-0.000045
578.370266,0.000026
578.488533,-0.000051
578.606802,0.000023
578.725074,-0.000045
578.843348,0.000029
578.961625,-0.000064
579.079905,0.000026
579.198187,-0.000045
579.316471,0.000017
579.434758,-0.000013
579.553047,-0.000012
579.671339,-0.000026
579.789634,-0.000015
579.907931,-0.000026
580.02623,-0.000021
580.144532,-0.000019
580.262837,-0.00003
580.381144,-0.000023
580.499453,-0.000015
580.617765,-0.000032
580.73608,-0.00003
580.854397,-0.00001
580.972716,-0.000015
581.091038,-0.000013
581.209362,-0.000021
581.327689,-0.000016
581.446018,-0.000037
581.56435,-0.000042
581.682684,-0.000049
581.801021,-0.000032
581.91936,-0.000027
582.037701,-0.000042
582.156046,-0.00004
582.274392,-0.000019
582.392741,-0.000021
582.511092,-0.000032
582.629446,-0.000037
582.747802,-0.000023
582.866161,-0.00003
582.984522,-0.000004
583.102886,-0.000024
583.221252,-0.000013
583.33962,-0.000024
583.457991,-0.000048
583.576364,-0.000037
583.69474,-0.000035
583.813118,-0.00003
583.931499,-0.000026
584.049882,-0.000043
584.168267,-0.000032
584.286655,-0.000046
584.405045,-0.000035
584.523438,0.026436
584.641833,0.095967
584.76023,0.139855
584.87863,0.130087
584.997032,0.087194
585.115437,0.079045
585.233843,0.091113
585.352253,0.092212
585.470665,0.079838
585.589079,0.062226
585.707495,0.056477
585.825914,0.060101
585.944335,0.046214
586.062759,0.034094
586.181185,0.019758
586.299613,0.020681
586.418044,0.020086
586.536477,0.013432
586.654913,0.009387
586.773351,0.008084
586.891791,0.003097
587.010233,0.000293
587.128678,-0.000012
587.247125,-0.000054
587.365575,-0.000034
587.484027,0.021904
587.602481,0.077703
587.720938,0.110068
587.839397,0.098311
587.957858,0.065486
588.076322,0.059772
588.194788,0.071241
588.313256,0.071835
588.431727,0.061081
588.5502,0.045716
588.668675,0.04361
588.787152,0.043064
588.905632,0.040955
589.024115,0.022037
589.142599,0.020548
589.261086,0.018087
589.379575,0.011464
589.498066,0.007158
589.61656,0.004644
589.735056,0.004201
589.853555,0.001526
589.972055,-0.000056
590.090558,-0.000042
590.209063,-0.000046
590.327571,-0.000038
590.446081,-0.000043
590.564593,-0.000038
590.683107,-0.000034
590.801624,-0.000045
590.920143,-0.000034
591.038664,-0.000045
591.157187,-0.000046
591.275713,-0.000042
591.394241,-0.000046
591.512771,-0.000032
591.631304,-0.000037
591.749838,-0.000032
591.868375,-0.000037
591.986915,-0.000023
592.105456,-0.000034
592.224,-0.000016
592.342546,-0.000046
592.461094,-0.000032
592.579645,-0.00003
592.698197,-0.000026
592.816752,-0.000046
592.93531,-0.000054
593.053869,-0.000046
593.172431,-0.000045
593.290995,-0.00004
593.409561,-0.000026
593.528129,-0.000046
593.6467,-0.000038
593.765272,0.022945
593.883847,0.105953
594.002424,0.179916
594.121004,0.182602
594.239586,0.128028
594.358169,0.09761
594.476755,0.114237
594.595344,0.129475
594.713934,0.116951
594.832527,0.096087
594.951121,0.078649
595.069718,0.080687
595.188318,0.08189
595.306919,0.062995
595.425523,0.041419
595.544128,0.031773
595.662736,0.020142
595.781346,0.020782
595.899959,0.017655
596.018573,0.01182
596.13719,0.008769
596.255808,0.005621
596.374429,0.000348
596.493052,0.000063
596.611678,-0.000059
596.730305,-0.000045
596.848935,0.000726
596.967566,0.0218
597.0862,0.029589
597.204836,0.032833
597.323474,0.023399
597.442115,0.021554
597.560757,0.023311
597.679402,0.022248
597.798048,0.023393
597.916697,0.021028
598.035348,0.012818
598.154001,0.015115
598.272657,0.015233
598.391314,0.010342
598.509973,0.005103
598.628635,0.001686
598.747299,0.000606
598.865965,-0.000035
598.984633,-0.000053
599.103303,-0.000045
599.221975,-0.000049
599.340649,-0.000048
599.459325,-0.00003
599.578004,-0.000038
599.696684,-0.000027
599.815367,-0.000029
599.934052,-0.000015
600.052738,-0.000023
600.171427,-0.000018
600.290118,-0.000029
600.408811,-0.000027
600.527507,-0.000016
600.646204,-0.000021
600.764903,-0.000016
600.883605,-0.000024
601.002308,-0.000016
601.121014,-0.00003
601.239721,-0.000029
601.358431,-0.000012
601.477142,-0.000013
601.595856,-0.000018
601.714572,-0.000019
601.83329,-0.00004
601.95201,-0.000026
602.070732,-0.000037
602.189456,-0.000026
602.308182,0.000007
602.42691,0.022686
602.54564,0.042166
602.664372,0.041094
602.783106,0.023557
602.901843,0.021693
603.020581,0.023213
603.139321,0.023887
603.258064,0.020726
603.376808,0.02093
603.495554,0.02316
603.614303,0.021138
603.733053,0.023052
603.851805,0.019946
603.97056,0.009451
604.089316,0.004247
604.208075,0.002845
604.326835,0.001967
604.445597,0.000001
604.564362,-0.000051
604.683128,-0.000049
604.801897,-0.000048
604.920667,-0.000034
605.039439,-0.000045
605.158214,-0.000053
605.27699,-0.000035
605.395769,-0.000049
605.514549,-0.000042
605.633331,-0.000027
605.752115,-0.000029
605.870902,-0.000037
605.98969,-0.000045
606.10848,-0.000046
606.227272,-0.000048
606.346066,-0.000056
606.464862,-0.000048
606.58366,-0.000046
606.70246,0.001191
606.821262,0.041794
606.940066,0.112386
607.058872,0.149159
607.17768,0.126338
607.296489,0.08329
607.415301,0.072543
607.534114,0.085182
607.65293,0.094763
607.771747,0.085377
607.890567,0.071171
608.009388,0.061077
608.128211,0.062935
608.247036,0.065224
608.365863,0.054097
608.484692,0.041879
608.603523,0.024559
608.722356,0.023797
608.841191,0.021242
608.960027,0.04245
609.078866,0.141274
609.197706,0.228747
609.316549,0.225484
609.435393,0.158864
609.554239,0.117273
609.673087,0.123289
609.791937,0.14293
609.910789,0.123156
610.029642,0.101211
610.148498,0.093172
610.267355,0.102179
610.386215,0.094379
610.505076,0.068075
610.623939,0.04664
610.742804,0.038663
610.861671,0.028368
610.98054,0.022506
611.09941,0.021596
611.218283,0.015201
611.337157,0.011478
611.456033,0.006804
611.574911,0.003413
611.693791,0.002203
611.812672,0.000698
611.931556,-0.000095
612.050441,-0.000008
612.169329,-0.000073
612.288218,0.0031
612.407109,0.002163
612.526001,0.00194
612.644896,0.000088
612.763792,0.000408
612.882691,0.003562
613.001591,0.008716
613.120492,0.00786
613.239396,0.003845
613.358302,0.003376
613.477209,0.015552
613.596118,0.097263
613.715029,0.282666
613.833942,0.382108
613.952856,0.334595
614.071773,0.222173
614.190691,0.179901
614.309611,0.20788
614.428533,0.237947
614.547456,0.22953
614.666382,0.194102
614.785309,0.161457
614.904238,0.158303
615.023169,0.171251
615.142101,0.149894
615.261035,0.107697
615.379971,0.077309
615.498909,0.059833
615.617849,0.0608
615.73679,0.090449
615.855733,0.115369
615.974678,0.107653
616.093625,0.079538
616.212573,0.054889
616.331524,0.052391
616.450476,0.059918
616.569429,0.057871
616.688385,0.047397
616.807342,0.041986
616.926301,0.040072
617.045262,0.040233
617.164224,0.038089
617.283188,0.024058
617.402154,0.023506
617.521122,0.019663
617.640091,0.013309
617.759062,0.008874
617.878035,0.005275
617.99701,0.00311
618.115986,0.000573
618.234964,0.000376
618.353944,-0.000095
618.472925,-0.000005
618.591908,-0.000086
618.710893,0.000007
618.82988,-0.000076
618.948868,0.000011
619.067858,-0.00007
619.18685,0.000011
619.305843,-0.00007
619.424838,0.000014
619.543835,-0.00007
619.662833,0.000011
619.781834,-0.00007
619.900835,0.000011
620.019839,-0.00007
620.138844,0.00002
620.257851,-0.00007
620.37686,0.000007
620.49587,-0.000073
620.614882,0.000004
620.733895,-0.000086
620.85291,0.000014
620.971927,-0.000079
621.090946,0.02117
621.209966,0.042374
621.328988,0.046129
621.448012,0.040161
621.567037,0.024156
621.686064,0.023449
621.805092,0.022627
621.924122,0.024947
622.043154,0.022501
622.162187,0.022667
622.281222,0.021221
622.400259,0.0235
622.519297,0.021571
622.638337,0.023096
622.757379,0.013039
622.876422,0.006845
622.995467,0.004812
623.114513,0.001305
623.233561,0.000559
623.352611,-0.000095
623.471662,-0.000002
623.590715,-0.000089
623.70977,0.000004
623.828826,-0.000083
623.947884,-0.000008
624.066943,-0.000076
624.186004,0.000007
624.305066,-0.00007
624.42413,0.000007
624.543196,-0.000073
624.662263,0.000004
624.781332,-0.000076
624.900403,0.000007
625.019475,-0.000083
625.138548,0.000011
625.257624,-0.000067
625.3767,0.000001
625.495779,-0.000089
625.614859,-0.000005
625.73394,-0.000086
625.853023,0.000001
625.972108,0.022576
626.091194,0.093768
626.210282,0.141306
626.329371,0.135444
626.448462,0.091279
626.567554,0.066472
626.686648,0.069078
626.805743,0.084242
626.92484,0.087668
627.043939,0.077842
627.163039,0.06291
627.282141,0.057398
627.401244,0.062239
627.520349,0.063218
627.639455,0.046694
627.758563,0.03423
627.877672,0.019429
627.996783,0.020896
628.115895,0.020946
628.235009,0.013625
628.354124,0.008311
628.473241,0.00695
628.59236,0.003909
628.711479,0.000777
628.830601,0.000129
628.949724,-0.000002
629.068848,-0.000095
629.187974,-0.000005
629.307101,-0.000098
629.42623,-0.000015
629.545361,-0.000098
629.664492,0.000001
629.783626,-0.000054
629.902761,0.023226
630.021897,0.042547
630.141035,0.043329
630.260174,0.029809
630.379315,0.02106
630.498457,0.023563
630.617601,0.022964
630.736746,0.020334
630.855892,0.023235
630.97504,0.023509
631.09419,0.02077
631.213341,0.023014
631.332493,0.021678
631.451647,0.023121
631.570803,0.014826
631.689959,0.00833
631.809118,0.006648
631.928277,0.003856
632.047438,0.002101
632.166601,0.001204
632.285765,0.000468
632.40493,0.003225
632.524097,0.001543
632.643265,0.002043
632.762435,0.022879
632.881606,0.1087
633.000779,0.197687
633.119953,0.205185
633.239128,0.152876
633.358305,0.103822
633.477483,0.097047
633.596663,0.115753
633.715844,0.129589
633.835026,0.124121
633.95421,0.104056
634.073395,0.088712
634.192582,0.088392
634.31177,0.096075
634.430959,0.088253
634.55015,0.064572
634.669342,0.045448
634.788536,0.038161
634.90773,0.026051
635.026927,0.023096
635.146124,0.021013
635.265324,0.015481
635.384524,0.01254
635.503726,0.008954
635.622929,0.0048
635.742133,0.002774
635.861339,0.004907
635.980547,0.000182
636.099755,-0.000015
636.218965,-0.000092
636.338177,-0.000005
636.457389,-0.000092
636.576603,-0.000002
636.695819,-0.000086
636.815035,-0.000002
636.934253,-0.000098
637.053473,0.000004
637.172693,-0.000092
637.291916,0.00007
637.411139,0.003332
637.530364,0.006644
637.64959,0.03713
637.768817,0.145502
637.888046,0.251069
638.007276,0.250032
638.126507,0.178292
638.24574,0.127971
638.364974,0.124049
638.484209,0.145454
638.603445,0.165273
638.722683,0.155594
638.841923,0.132319
638.961163,0.113013
639.080405,0.112795
639.199648,0.129229
639.318892,0.128422
639.438138,0.10404
639.557385,0.142003
639.676633,0.478273
639.795883,0.857994
639.915133,0.903932
640.034385,0.713383
640.153639,0.49675
640.272893,0.495913
640.392149,0.568556
640.511406,0.558181
640.630665,0.479213
640.749924,0.401159
640.869185,0.375105
640.988448,0.415985
641.107711,0.411197
641.226976,0.320787
641.346242,0.232864
641.465509,0.17867
641.584777,0.144445
641.704047,0.11819
641.823318,0.093093
641.94259,0.072701
642.061864,0.06091
642.181138,0.049002
642.300414,0.039621
642.419691,0.023228
642.53897,0.024043
642.658249,0.019766
642.77753,0.01522
642.896812,0.005533
643.016095,0.001946
643.13538,0.001031
643.254665,0.000133
643.373952,-0.000029
643.49324,-0.000034
643.612529,-0.000035
643.73182,-0.000046
643.851112,-0.000032
643.970404,-0.000046
644.089698,-0.000032
644.208994,-0.000043
644.32829,-0.000038
644.447588,-0.000043
644.566887,-0.000032
644.686187,-0.000049
644.805488,-0.000038
644.92479,-0.000049
645.044094,-0.000029
645.163398,-0.00004
645.282704,-0.000032
645.402011,-0.00004
645.52132,-0.000035
645.640629,-0.000049
645.75994,-0.000042
645.879251,-0.000043
645.998564,-0.000038
646.117878,-0.000034
646.237193,-0.000042
646.35651,-0.00004
646.475827,-0.000032
646.595146,-0.000043
646.714466,-0.000032
646.833787,-0.000027
646.953109,-0.000029
647.072432,-0.000037
647.191756,-0.000035
647.311081,-0.00004
647.430408,-0.000029
647.549736,-0.000037
647.669065,-0.000029
647.788395,-0.00004
647.907726,-0.000042
648.027058,-0.000043
648.146391,-0.000038
648.265725,-0.000043
648.385061,-0.000045
648.504398,-0.00004
648.623735,-0.000035
648.743074,-0.000053
648.862414,-0.000038
648.981755,-0.000062
649.101097,-0.000042
649.22044,-0.000043
649.339785,-0.000042
649.45913,-0.000046
649.578476,-0.000048
649.697824,-0.000034
649.817173,0.008418
649.936522,0.056379
650.055873,0.235637
650.175225,0.387717
650.294578,0.37981
650.413932,0.273364
650.533287,0.194001
650.652643,0.178485
650.772,0.203324
650.891358,0.233356
651.010718,0.227181
651.130078,0.192708
651.24944,0.160906
651.368802,0.152306
651.488165,0.172862
651.60753,0.173951
651.726896,0.139512
651.846262,0.103435
651.96563,0.077969
652.084999,0.061503
652.204368,0.051483
652.323739,0.041431
652.443111,0.033703
652.562484,0.037604
652.681857,0.067435
652.801232,0.097996
652.920608,0.096831
653.039985,0.071161
653.159363,0.047041
653.278742,0.041264
653.398122,0.043229
653.517502,0.048945
653.636884,0.050746
653.756267,0.041765
653.875651,0.035743
653.995036,0.030443
654.114422,0.035516
654.233809,0.040495
654.353197,0.033476
654.472586,0.022699
654.591975,0.021731
654.711366,0.01424
654.830758,0.009894
654.950151,0.006657
655.069545,0.004975
655.188939,0.001997
655.308335,0.001472
655.427732,0.000253
655.547129,-0.000051
655.666528,-0.000053
655.785927,-0.000035
655.905328,-0.000049
656.024729,-0.000032
656.144132,-0.000037
656.263535,-0.000038
656.382939,-0.000034
656.502345,-0.000035
656.621751,-0.00004
656.741158,-0.000029
656.860566,-0.000037
656.979975,-0.000026
657.099385,-0.000034
657.218796,-0.000032
657.338208,-0.00004
657.45762,-0.000032
657.577034,-0.000021
657.696449,-0.000032
657.815864,-0.000037
657.93528,-0.000023
658.054698,-0.00004
658.174116,-0.000026
658.293535,-0.000043
658.412955,-0.000035
658.532376,-0.000043
658.651798,-0.000032
658.771221,-0.00004
658.890644,-0.000016
659.010069,-0.000046
659.129494,-0.000035
659.24892,0.021839
659.368348,0.08641
659.487776,0.119042
659.607205,0.10246
659.726635,0.070864
659.846065,0.050405
659.965497,0.049512
660.084929,0.059234
660.204363,0.066315
660.323797,0.062913
660.443232,0.051764
660.562668,0.043074
660.682105,0.041176
660.801542,0.049651
660.920981,0.048295
661.04042,0.042431
661.15986,0.025739
661.279301,0.023118
661.398743,0.023011
661.518186,0.016184
661.63763,0.01021
661.757074,0.006949
661.876519,0.00427
661.995965,0.002235
662.115412,0.001688
662.23486,-0.000019
662.354309,-0.000046
662.473758,-0.000054
662.593208,-0.000034
662.712659,-0.000032
662.832111,-0.000043
662.951564,-0.000035
663.071017,-0.000046
663.190471,-0.000038
663.309927,-0.00003
663.429382,-0.000026
663.548839,-0.000034
663.668297,-0.000019
663.787755,-0.000037
663.907214,-0.000032
664.026674,-0.000021
664.146135,-0.000026
664.265596,-0.000021
664.385058,-0.000013
664.504521,-0.000018
664.623985,-0.000029
664.74345,-0.000034
664.862915,-0.000042
664.982381,-0.00004
665.101848,-0.000032
665.221316,-0.000021
665.340784,-0.000035
665.460254,-0.000043
665.579724,-0.000032
665.699194,-0.000021
665.818666,-0.000026
665.938138,-0.000043
666.057611,-0.000026
666.177085,-0.000027
666.296559,-0.000035
666.416034,-0.00004
666.53551,-0.000035
666.654987,-0.000046
666.774465,-0.000038
666.893943,-0.000056
667.013422,-0.000045
667.132901,0.013058
667.252382,0.080479
667.371863,0.173863
667.491345,0.190519
667.610827,0.143566
667.73031,0.10036
667.849794,0.080062
667.969279,0.083431
668.088765,0.097226
668.208251,0.108829
668.327737,0.096362
668.447225,0.078155
668.566713,0.071482
668.686202,0.073139
668.805692,0.077495
668.925182,0.069333
669.044673,0.049979
669.164165,0.035406
669.283657,0.0224
669.40315,0.023314
669.522644,0.02293
669.642138,0.018987
669.761633,0.012414
669.881129,0.010635
670.000626,0.008457
670.120123,0.004363
670.23962,0.002189
670.359119,0.000365
670.478618,0.000001
670.598118,-0.000035
670.717618,-0.000049
670.837119,-0.000083
670.956621,0.022192
671.076123,0.067466
671.195626,0.102779
671.31513,0.090699
671.434634,0.061595
671.554139,0.042245
671.673645,0.042103
671.793151,0.042434
671.912658,0.052404
672.032165,0.050626
672.151674,0.044751
672.271182,0.041803
672.390692,0.037512
672.510202,0.033902
672.629712,0.033476
672.749223,0.02122
672.868735,0.021782
672.988248,0.020419
673.107761,0.012799
673.227274,0.008642
673.346789,0.006493
673.466304,0.00523
673.585819,0.003495
673.705335,0.003194
673.824852,0.000509
673.944369,-0.000095
674.063887,-0.000002
674.183405,-0.000086
674.302924,-0.000008
674.422444,-0.000089
674.541964,0.000004
674.661485,-0.000092
674.781006,0.000007
674.900528,-0.000083
675.020051,0.000011
675.139574,-0.000067
675.259097,0.000014
675.378621,-0.00007
675.498146,0.000026
675.617671,-0.00007
675.737197,0.000026
675.856724,-0.00006
675.976251,0.000017
676.095778,-0.000057
676.215306,0.00002
676.334835,-0.000054
676.454364,0.000014
676.573894,-0.000042
676.693424,0.00002
676.812955,-0.000057
676.932486,0.000042
677.052018,-0.000057
677.17155,0.000033
677.291083,-0.00006
677.410616,0.000026
677.53015,-0.000051
677.649684,0.000026
677.769219,-0.000054
677.888755,0.000036
678.008291,-0.000051
678.127827,0.000039
678.247364,-0.000054
678.366902,0.000023
678.48644,-0.000064
678.605978,0.000023
678.725517,-0.000054
678.845056,0.000017
678.964596,-0.000054
679.084137,0.000023
679.203678,-0.000051
679.323219,0.00002
679.442761,-0.00006
679.562303,0.00002
679.681846,-0.000054
679.80139,0.00002
679.920933,-0.000054
680.040478,0.000023
680.160022,-0.000051
680.279567,0.000023
680.399113,-0.000048
680.518659,0.00002
680.638206,-0.000064
680.757753,0.000029
680.8773,-0.000054
680.996848,0.000036
681.116397,-0.000057
681.235945,0.000011
681.355495,-0.000064
681.475044,0.00002
681.594594,-0.00006
681.714145,0.000023
681.833696,-0.000064
681.953247,0.000023
682.072799,-0.000051
682.192352,0.000033
682.311904,-0.000057
682.431457,0.000023
682.551011,-0.000051
682.670565,0.000023
682.790119,-0.000054
682.909674,0.000033
683.029229,-0.00006
683.148785,0.000011
683.268341,-0.00006
683.387897,0.000017
683.507454,-0.000092
683.627011,0.000026
683.746569,-0.000048
683.866127,0.000023
683.985685,-0.000073
684.105244,0.000036
684.224803,-0.00006
684.344363,0.000023
684.463922,-0.00007
684.583483,0.000023
684.703043,-0.000054
684.822604,0.000029
684.942166,-0.000064
685.061728,0.000026
685.18129,-0.000054
685.300852,0.00002
685.420415,-0.000054
685.539978,0.000014
685.659542,-0.000054
685.779106,0.000026
685.89867,-0.000042
686.018235,0.000033
686.1378,-0.000054
686.257365,0.000026
686.376931,-0.000045
686.496497,0.000029
686.616063,-0.000054
686.73563,0.000026
686.855197,-0.000057
686.974764,0.000023
687.094332,-0.00006
687.2139,0.000039
687.333468,-0.000042
687.453036,0.000014
687.572605,-0.000035
687.692175,0.000017
687.811744,-0.00006
687.931314,0.00002
688.050884,-0.000045
688.170455,0.000033
688.290025,-0.00006
688.409597,0.000023
688.529168,-0.000054
688.64874,0.00002
688.768312,-0.000073
688.887884,0.000042
689.007456,-0.000048
689.127029,0.000007
689.246602,-0.000051
689.366176,0.000023
689.485749,-0.000051
689.605323,0.000017
689.724898,-0.000067
689.844472,0.000011
689.964047,-0.000057
690.083622,0.000036
690.203197,-0.00006
690.322773,0.00002
690.442348,-0.000064
690.561925,0.000011
690.681501,-0.000057
690.801077,0.000023
690.920654,-0.000064
691.040231,0.000026
691.159809,-0.000064
691.279386,0.000026
691.398964,-0.000057
691.518542,0.000023
691.63812,-0.00007
691.757699,0.000033
691.877277,-0.00007
691.996856,0.000017
692.116436,-0.00007
692.236015,0.013209
692.355595,0.062018
692.475175,0.106108
692.594755,0.102683
692.714335,0.075755
692.833915,0.051587
692.953496,0.042743
693.073077,0.04512
693.192658,0.051388
693.312239,0.046996
693.431821,0.041601
693.551402,0.022333
693.670984,0.021441
693.790566,0.019968
693.910149,0.014155
694.029731,0.012293
694.149314,0.012654
694.268897,0.011146
694.38848,0.009826
694.508063,0.009131
694.627646,0.008754
694.74723,0.005599
694.866813,0.005021
694.986397,0.002494
695.105981,0.002224
695.225565,0.000428
695.34515,0.000017
695.464734,-0.000095
695.584319,0.000001
695.703904,-0.000095
695.823489,0.000004
695.943074,-0.000073
696.062659,0.000017
696.182245,-0.000057
696.30183,0.000017
696.421416,-0.00007
696.541002,0.000011
696.660588,-0.000067
696.780174,0.000011
696.89976,-0.000064
697.019346,0.000023
697.138933,-0.000067
697.258519,0.000026
697.378106,-0.000051
697.497693,0.000011
697.61728,-0.000067
697.736867,0.000026
697.856454,-0.000045
697.976041,0.000017
698.095628,-0.00006
698.215216,0.000026
698.334803,-0.000064
698.454391,0.000023
698.573979,-0.000064
698.693567,0.000026
698.813155,-0.000057
698.932743,0.000026
699.052331,-0.000064
699.171919,0.000026
699.291507,-0.000057
699.411096,0.00002
699.530684,-0.000051
699.650273,0.000007
699.769861,-0.000064
699.88945,0.000001
700.009038,-0.000073
700.128627,0.000007
700.248216,-0.00006
700.367805,0.000001
700.487394,-0.00006
700.606983,0.000011
700.726572,-0.000073
700.846161,0.000011
700.96575,-0.000054
701.085339,0.000014
701.204929,-0.000067
701.324518,0.000014
701.444107,-0.000026
701.563696,-0.000043
701.683286,-0.000038
701.802875,0.003353
701.922465,0.005457
702.042054,0.00201
702.161644,-0.000032
702.281233,0.000011
702.400823,0.022071
702.520412,0.121741
702.640002,0.265882
702.759591,0.287029
702.879181,0.204327
702.99877,0.155828
703.11836,0.13942
703.237949,0.124424
703.357539,0.103226
703.477129,0.08183
703.596718,0.068674
703.716308,0.052268
703.835897,0.043493
703.955487,0.041715
704.075076,0.040511
704.194666,0.039558
704.314255,0.03486
704.433845,0.030884
704.553434,0.030588
704.673023,0.024206
704.792613,0.025782
704.912202,0.020193
705.031791,0.023396
705.151381,0.023245
705.27097,0.021094
705.390559,0.022466
705.510148,0.016156
705.629737,0.009167
705.749326,0.005924
705.868915,0.003545
705.988504,0.001043
706.108093,0.000033
706.227682,-0.000048
706.34727,-0.000046
706.466859,-0.000048
706.586448,-0.000046
706.706036,-0.000029
706.825625,-0.00004
706.945213,-0.000023
707.064801,-0.000037
707.18439,-0.000026
707.303978,-0.000056
707.423566,-0.000023
707.543154,-0.000037
707.662742,-0.000032
707.78233,-0.00003
707.901917,-0.000019
708.021505,-0.000024
708.141092,-0.000013
708.26068,-0.000034
708.380267,-0.000032
708.499854,-0.000021
708.619441,-0.000019
708.739028,-0.000021
708.858615,0.000003
708.978202,-0.000018
709.097789,-0.000032
709.217375,-0.000034
709.336962,-0.000013
709.456548,-0.000018
709.576134,-0.00001
709.69572,-0.000043
709.815306,-0.000026
709.934892,-0.000012
710.054477,-0.000023
710.174063,-0.000027
710.293648,-0.000013
710.413233,-0.000012
710.532818,-0.000016
710.652403,-0.000015
710.771988,-0.000023
710.891572,-0.000012
711.011157,-0.000007
711.130741,-0.000021
711.250325,-0.000029
711.369909,-0.000018
711.489493,-0.000019
711.609077,-0.000021
711.72866,-0.000026
711.848243,-0.000021
711.967826,-0.000016
712.087409,-0.000015
712.206992,-0.000023
712.326575,-0.000005
712.446157,-0.000004
712.565739,-0.000027
712.685321,-0.000013
712.804903,-0.000008
712.924484,-0.000007
713.044066,-0.000015
713.163647,-0.00001
713.283228,-0.000024
713.402809,-0.00001
713.522389,-0.000008
713.64197,-0.00001
713.76155,-0.000015
713.88113,-0.000013
714.00071,-0.000015
714.120289,-0.000019
714.239868,-0.00003
714.359447,-0.000004
714.479026,-0.000018
714.598605,-0.000026
714.718183,-0.000024
714.837761,-0.000013
714.957339,-0.000021
715.076917,-0.000016
715.196494,-0.000024
715.316072,-0.000019
715.435649,-0.000018
715.555225,-0.000004
715.674802,-0.000012
715.794378,-0.000016
715.913954,-0.000015
716.03353,-0.000013
716.153105,-0.000005
716.27268,-0.000023
716.392255,-0.000012
716.51183,-0.000004
716.631404,-0.000046
716.750978,0.012385
716.870552,0.022034
716.990125,0.018644
717.109699,0.009498
717.229272,0.004058
717.348844,0.000862
717.468417,0.000003
717.587989,-0.000053
717.707561,-0.000048
717.827132,-0.000049
717.946703,-0.000042
718.066274,-0.000046
718.185845,-0.000042
718.305415,-0.000053
718.424985,-0.000054
718.544555,-0.000046
718.664124,-0.000045
718.783693,-0.00004
718.903262,-0.000042
719.022831,-0.000046
719.142399,-0.000038
719.261967,-0.000043
719.381534,-0.000029
719.501101,-0.000046
719.620668,-0.000032
719.740235,-0.00004
719.859801,-0.000032
719.979367,-0.000015
720.098932,-0.000023
720.218497,-0.000021
720.338062,-0.000026
720.457626,-0.000024
720.577191,-0.000016
720.696754,-0.00003
720.816318,-0.000023
720.935881,-0.00003
721.055443,-0.000013
721.175006,-0.000018
721.294568,-0.000038
721.414129,-0.00003
721.53369,-0.000016
721.653251,-0.000015
721.772812,-0.000019
721.892372,-0.000012
722.011932,-0.000019
722.131491,-0.000027
722.25105,-0.000013
722.370608,-0.000008
722.490167,-0.000016
722.609724,-0.000021
722.729282,-0.000019
722.848839,-0.00003
722.968395,-0.000026
723.087952,-0.000037
723.207507,-0.000023
723.327063,-0.000021
723.446618,-0.000029
723.566172,-0.000024
723.685726,0.00004
723.80528,0.039114
723.924833,0.094731
724.044386,0.106253
724.163939,0.069298
724.283491,0.041803
724.403043,0.027605
724.522594,0.022267
724.642145,0.021475
724.761695,0.021227
724.881245,0.018641
725.000794,0.015927
725.120343,0.011738
725.239892,0.010091
725.35944,0.009818
725.478988,0.010122
725.598535,0.009266
725.718082,0.008208
725.837628,0.007788
725.957174,0.007496
726.076719,0.008128
726.196264,0.007562
726.315809,0.005946
726.435353,0.003498
726.554896,0.002872
726.674439,0.002161
726.793982,0.00162
726.913524,0.000707
727.033066,-0.00006
727.152607,-0.000049
727.272148,-0.000051
727.391688,-0.000049
727.511227,-0.000038
727.630767,-0.00003
727.750305,-0.000029
727.869844,-0.000027
727.989381,-0.000023
728.108918,-0.000027
728.228455,-0.000016
728.347991,-0.000024
728.467527,-0.000007
728.587062,-0.000018
728.706597,-0.000035
728.826131,-0.000015
728.945665,-0.000019
729.065198,-0.000037
729.18473,-0.000029
729.304262,-0.000018
729.423794,-0.000013
729.543325,-0.00003
729.662855,-0.000032
729.782385,-0.000012
729.901915,-0.000016
730.021444,-0.000024
730.140972,-0.000023
730.2605,-0.000018
730.380027,-0.00001
730.499554,-0.000024
730.61908,-0.00001
730.738605,-0.000015
730.85813,-0.000019
730.977655,-0.000012
731.097179,-0.000013
731.216702,-0.000018
731.336225,-0.000019
731.455747,-0.000015
731.575268,-0.000023
731.69479,-0.000005
731.81431,-0.000013
731.93383,-0.000049
732.053349,-0.000048
732.172868,0.000029
732.292386,-0.00006
732.411904,0.000023
732.531421,-0.000051
732.650937,0.00002
732.770453,-0.00007
732.889968,0.000026
733.009482,-0.000051
733.128996,0.000017
733.24851,-0.000038
733.368022,0.00002
733.487535,-0.000045
733.607046,0.000023
733.726557,-0.00007
733.846067,0.00002
733.965577,-0.000038
734.085086,0.000007
734.204594,-0.00006
734.324102,0.000017
734.443609,-0.000057
734.563116,0.000033
734.682622,-0.000051
734.802127,0.000036
734.921632,-0.000079
735.041136,0.000023
735.160639,-0.00006
735.280142,0.000017
735.399644,-0.000064
735.519145,0.000033
735.638646,-0.000064
735.758146,0.000033
735.877645,-0.000067
735.997144,0.000023
736.116642,-0.000051
736.23614,0.000017
736.355637,-0.000057
736.475133,0.000014
736.594628,-0.000054
736.714123,0.000036
736.833617,-0.000054
736.95311,0.00002
737.072603,-0.000051
737.192095,0.000011
737.311586,-0.000064
737.431077,0.000036
737.550567,-0.000067
737.670056,0.000026
737.789545,-0.000057
737.909033,0.00002
738.02852,-0.00006
738.148006,0.000017
738.267492,-0.000073
738.386977,0.000017
738.506461,-0.000067
738.625945,0.000033
738.745428,-0.00006
738.86491,0.000017
738.984391,-0.000054
739.103872,0.000026
739.223352,-0.000054
739.342831,0.000023
739.46231,-0.000064
739.581788,0.000033
739.701265,-0.000054
739.820741,0.000017
739.940217,-0.000064
740.059692,0.000017
740.179166,-0.000057
740.298639,0.000026
740.418112,-0.000064
740.537584,0.000026
740.657055,-0.000051
740.776525,0.00002
740.895995,-0.000057
741.015464,0.00002
741.134932,-0.000054
741.254399,0.000014
741.373865,-0.000045
741.493331,0.000036
741.612796,-0.000045
741.73226,0.000023
741.851724,-0.000051
741.971186,0.000011
742.090648,-0.000045
742.210109,0.00002
742.32957,-0.00007
742.449029,0.000033
742.568488,-0.000067
742.687946,0.00002
742.807403,-0.000016
742.926859,0.000064
743.046315,-0.000029
743.165769,0.000074
743.285223,-0.000013
743.404676,0.000055