321.87335,0.000004
321.979715,0.000003
322.086088,-0.000006
322.192469,-0.000007
322.298858,-0.000003
322.405255,-0.000016
322.51166,-0.000003
322.618073,-0.000004
322.724494,-0.000015
322.830923,0.000003
322.93736,0.000004
323.043805,0.000006
323.150258,0.000004
323.256719,0.000012
323.363188,0.000004
323.469665,0.000006
323.576149,0.000004
323.682642,0.000003
323.789143,0.00001
323.895651,0.000018
324.002168,0.000007
324.108692,-0.000001
324.215225,0.000001
324.321765,-0.000007
324.428313,0.000004
324.534869,0.000009
324.641434,0.000004
324.748006,0.000003
324.854586,0.000001
324.961174,0.000009
325.06777,0.000001
325.174373,0.000006
325.280985,-0.000006
325.387605,-0.000001
325.494232,-0.000003
325.600868,0.000012
325.707511,-0.000003
325.814162,-0.000001
325.920821,-0.000003
326.027488,-0.000004
326.134163,-0.000006
326.240846,-0.000004
326.347537,0.000001
326.454236,-0.000004
326.560942,0.000001
326.667656,-0.000004
326.774379,0.000004
326.881109,-0.000007
326.987847,-0.000006
327.094593,0.000006
327.201347,-0.000018
327.308108,-0.000004
327.414878,-0.000015
327.521655,0.000003
327.628441,-0.000015
327.735234,-0.000001
327.842035,-0.000006
327.948844,-0.000004
328.05566,-0.000009
328.162485,-0.000013
328.269317,-0.000003
328.376158,0.000003
328.483006,0.000007
328.589862,0.000003
328.696725,0.000007
328.803597,0.000006
328.910476,-0.000003
329.017364,-0.000001
329.124259,0.00001
329.231162,0.000009
329.338073,0.000001
329.444991,0.000006
329.551918,0.000004
329.658852,0.000003
329.765794,-0.000012
329.872744,0.000009
329.979701,0.000004
330.086667,0.000006
330.19364,0.000004
330.300621,-0.000004
330.40761,0.00001
330.514607,0.000003
330.621611,-0.000003
330.728624,0.000003
330.835644,0.00001
330.942672,0.000003
331.049707,-0.000003
331.156751,0.000009
331.263802,-0.000003
331.370861,-0.000004
331.477928,0.000001
331.585002,-0.000007
331.692085,-0.000006
331.799175,0.000003
331.906273,-0.000006
332.013378,0.000009
332.120492,0.000007
332.227613,0.000003
332.334742,-0.000012
332.441879,0.000006
332.549023,0.000013
332.656175,-0.000007
332.763335,0.000016
332.870503,-0.00001
332.977678,0.000004
333.084861,-0.000004
333.192052,0.00001
333.299251,0.000006
333.406457,0.000001
333.513671,0.000009
333.620893,-0.000006
333.728123,-0.000013
333.83536,0.000007
333.942605,0.000006
334.049858,-0.000006
334.157118,0.000012
334.264386,0.000004
334.371662,0.000003
334.478946,-0.000003
334.586237,0.000003
334.693536,-0.000006
334.800843,-0.00001
334.908157,-0.000003
335.015479,0.000006
335.122809,-0.000012
335.230146,-0.000007
335.337492,0.000001
335.444844,-0.000001
335.552205,-0.000012
335.659573,-0.000004
335.766949,-0.000003
335.874333,-0.000007
335.981724,0.000001
336.089123,-0.000007
336.19653,0.000004
336.303944,-0.000001
336.411366,-0.000003
336.518795,-0.000004
336.626233,0.000001
336.733678,-0.00001
336.84113,0.000004
336.94859,0.000006
337.056058,-0.000003
337.163534,-0.000007
337.271017,0.000013
337.378508,-0.000001
337.486006,-0.000009
337.593512,0.000006
337.701026,-0.000012
337.808548,-0.000001
337.916077,0.00001
338.023613,-0.000004
338.131158,-0.000003
338.238709,-0.000001
338.346269,-0.000003
338.453836,-0.000001
338.561411,0.000004
338.668993,0.000006
338.776583,-0.000003
338.884181,0.000015
338.991786,0.000001
339.099399,-0.000004
339.207019,0.00001
339.314647,-0.00001
339.422283,0.000007
339.529926,0.000003
339.637577,0.000001
339.745235,-0.000001
339.852901,-0.000003
339.960575,-0.000016
340.068256,0.000007
340.175945,0.000006
340.283641,0.000004
340.391345,0.000006
340.499057,0.000004
340.606776,0.000009
340.714502,0.00001
340.822236,-0.000001
340.929978,0.000001
341.037727,-0.000001
341.145484,0.000004
341.253249,0.000006
341.361021,0.000004
341.4688,-0.000007
341.576587,0.000001
341.684382,0.000003
341.792184,0.000001
341.899994,-0.000001
342.007811,0.000007
342.115636,-0.000001
342.223468,-0.000003
342.331308,-0.000007
342.439156,-0.000009
342.547011,0.000003
342.654873,-0.000006
342.762743,-0.00001
342.870621,-0.000003
342.978506,-0.000004
343.086398,0.000013
343.194298,-0.000004
343.302206,-0.000003
343.410121,-0.000004
343.518044,-0.000012
343.625974,-0.000007
343.733911,0.000001
343.841856,0.000006
343.949809,0.000001
344.057769,0.000003
344.165737,0.000004
344.273712,0.000009
344.381694,-0.000012
344.489684,-0.000001
344.597682,-0.000009
344.705687,0.000009
344.813699,-0.000012
344.921719,-0.000004
345.029747,-0.000003
345.137782,0.000003
345.245824,0.00001
345.353874,-0.000004
345.461931,0.000001
345.569996,0.000006
345.678068,-0.000012
345.786148,-0.000001
345.894235,0.000001
346.00233,-0.000004
346.110432,0.000004
346.218541,0.000003
346.326658,0.000001
346.434782,-0.000001
346.542914,0.000004
346.651053,0.000015
346.7592,0.000013
346.867354,0.000003
346.975516,0.000007
347.083685,0.000009
347.191861,0.00001
347.300045,0.000012
347.408236,-0.000009
347.516435,0.000006
347.624641,0.000004
347.732854,0.000006
347.841075,0.000004
347.949304,0.000012
348.057539,-0.000009
348.165782,-0.000001
348.274033,-0.000009
348.382291,-0.000001
348.490556,-0.000003
348.598829,0.000003
348.707109,0.000004
348.815396,0.000009
348.923691,0.000013
349.031994,0.000006
349.140303,0.000001
349.24862,-0.000013
349.356945,-0.000009
349.465276,-0.000016
349.573615,-0.000009
349.681962,-0.000007
349.790316,-0.000006
349.898677,-0.000004
350.007046,-0.000006
350.115422,0.000006
350.223805,0.000007
350.332196,0.000006
350.440594,0.000004
350.548999,-0.000001
350.657412,-0.000003
350.765832,-0.00001
350.874259,-0.000012
350.982694,-0.00001
351.091136,-0.000009
351.199585,0.000009
351.308042,0.000001
351.416506,-0.000007
351.524978,-0.000012
351.633456,-0.000001
351.741943,0.000001
351.850436,0.000012
351.958937,-0.000015
352.067445,0.000006
352.17596,-0.000018
352.284483,-0.000004
352.393013,-0.000009
352.50155,0.000003
352.610094,-0.000012
352.718646,0.000009
352.827205,-0.000003
352.935772,-0.00001
353.044346,0.000013
353.152927,-0.000004
353.261515,0.000001
353.370111,-0.00001
353.478714,0.000004
353.587324,0.000003
353.695941,0.000004
353.804566,-0.000007
353.913198,-0.000003
354.021837,0.000006
354.130484,0.000001
354.239138,0.000003
354.347799,-0.000003
354.456467,0.000003
354.565143,0.00001
354.673826,0.000003
354.782516,-0.000003
354.891213,0.000003
354.999918,-0.000009
355.10863,0.000012
355.217349,0.000013
355.326075,0.000009
355.434809,0.000001
355.54355,0.000003
355.652298,-0.000006
355.761053,0.000003
355.869816,0.00001
355.978586,-0.000001
356.087363,-0.000003
356.196147,0.000006
356.304939,-0.000003
356.413737,-0.000001
356.522543,0.000001
356.631356,0.000009
356.740177,0.000004
356.849004,0.000015
356.957839,-0.000006
357.066681,-0.000004
357.17553,-0.000003
357.284386,-0.000001
357.39325,-0.000003
357.502121,0.000012
357.610999,-0.000003
357.719884,-0.000007
357.828776,0.000004
357.937676,-0.000016
358.046582,-0.000003
358.155496,-0.000016
358.264417,0.000007
358.373346,-0.000001
358.482281,0.000001
358.591224,-0.000007
358.700173,0.000001
358.80913,0.000003
358.918094,0.000004
359.027066,-0.000007
359.136044,0.000001
359.24503,-0.000013
359.354022,0.000001
359.463022,-0.00001
359.572029,-0.000009
359.681043,-0.000001
359.790065,-0.000009
359.899093,-0.000001
360.008129,0.000016
360.117172,-0.000001
360.226221,0.000001
360.335278,-0.000004
360.444343,-0.000006
360.553414,-0.000007
360.662492,0.000001
360.771578,-0.000007
360.88067,-0.000006
360.98977,0.000009
361.098877,-0.000012
361.207991,0.000015
361.317112,-0.000003
361.42624,0.000003
361.535376,0.000001
361.644518,0.000012
361.753667,-0.000009
361.862824,-0.00001
361.971988,-0.000006
362.081159,0.000006
362.190336,-0.000009
362.299521,0.000003
362.408713,0.000007
362.517913,0.000015
362.627119,-0.000006
362.736332,0.000006
362.845553,0.000001
362.95478,-0.000001
363.064015,-0.000003
363.173256,0.000025
363.282505,0.000007
363.391761,0.000006
363.501023,0.000001
363.610293,0.000003
363.71957,0.000004
363.828854,0.000006
363.938145,0.000004
364.047443,-0.000004
364.156748,0.00001
364.266061,-0.000004
364.37538,0.000001
364.484706,0.000009
364.594039,-0.000003
364.70338,0.000006
364.812727,-0.000003
364.922082,0.000003
365.031443,0.000004
365.140811,0.000006
365.250187,-0.000006
365.359569,-0.000001
365.468959,0.000007
365.578355,0.000003
365.687759,0.000016
365.79717,0.000009
365.906587,-0.000003
366.016012,0.000003
366.125443,-0.000012
366.234882,-0.00001
366.344328,-0.000006
366.45378,-0.00001
366.56324,-0.000009
366.672706,0.000012
366.78218,-0.000006
366.89166,-0.000001
367.001148,-0.000006
367.110642,0.000003
367.220144,0.000004
367.329652,-0.00001
367.439168,-0.000006
367.54869,0.000003
367.65822,-0.000006
367.767756,-0.000004
367.877299,0.000004
367.98685,-0.000001
368.096407,0.000001
368.205971,-0.000007
368.315542,-0.000003
368.425121,-0.000004
368.534706,-0.000009
368.644298,0.000003
368.753897,-0.000012
368.863503,-0.000004
368.973115,0.000001
369.082735,-0.000001
369.192362,0.000007
369.301996,0.000015
369.411636,-0.000006
369.521284,-0.000004
369.630938,-0.000003
369.7406,-0.000007
369.850268,-0.000003
369.959943,-0.000004
370.069625,0.000001
370.179315,-0.000004
370.289011,-0.000003
370.398713,-0.000004
370.508423,-0.000003
370.61814,-0.000007
370.727864,0.000001
370.837594,0.000012
370.947331,0.000001
371.057076,-0.000001
371.166827,0.000004
371.276585,0.000003
371.38635,0.000004
371.496122,-0.000001
371.605901,0.000007
371.715686,-0.000004
371.825479,0.000019
371.935278,0.000003
372.045085,0.000004
372.154898,0.000006
372.264718,0.00001
372.374545,-0.000007
372.484378,0.000007
372.594219,0.000006
372.704066,0.000004
372.813921,0.000003
372.923782,-0.000009
373.03365,0.000006
373.143525,0.000007
373.253407,0.000009
373.363295,-0.000009
373.47319,0.000012
373.583093,0.000001
373.693002,0.000009
373.802918,-0.000006
373.912841,0.000006
374.02277,-0.000009
374.132707,0.000009
374.24265,-0.000006
374.3526,0.000006
374.462557,-0.000022
374.572521,0.000003
374.682491,0.000007
374.792468,0.000012
374.902453,0.00001
375.012444,0.000003
375.122441,0.000004
375.232446,0.000006
375.342457,-0.000003
375.452475,-0.000001
375.5625,-0.000012
375.672532,-0.000004
375.782571,0.000001
375.892616,-0.000007
376.002668,-0.000003
376.112727,0.000006
376.222793,-0.000009
376.332865,-0.00001
376.442945,-0.000003
376.553031,-0.00001
376.663124,-0.000009
376.773223,0.000003
376.883329,-0.000018
376.993443,0.000009
377.103562,-0.000003
377.213689,-0.000004
377.323823,-0.000003
377.433963,-0.000007
377.54411,0.000004
377.654263,-0.000004
377.764424,0.000007
377.874591,0.000006
377.984765,0.000001
378.094945,0.000003
378.205133,-0.000006
378.315327,-0.000004
378.425528,0.000007
378.535735,0.000006
378.64595,0.00001
378.756171,0.000006
378.866399,-0.000006
378.976633,0.000003
379.086874,0.000004
379.197122,0.000012
379.307377,-0.000009
379.417638,0.000003
379.527906,0.000004
379.638181,0.000009
379.748463,0.000004
379.858751,0.000022
379.969046,0.000004
380.079347,0.000012
380.189655,0.000013
380.29997,-0.000004
380.410292,0.000001
380.520621,0.000009
380.630956,0.000001
380.741297,0.000012
380.851646,-0.000018
380.962001,0.000003
381.072363,0.000004
381.182731,-0.000007
381.293106,0.000004
381.403488,0.000006
381.513876,0.000001
381.624271,-0.000001
381.734673,-0.000006
381.845082,0.000003
381.955497,0.000013
382.065918,0.000006
382.176347,0.000001
382.286782,0.000009
382.397224,0.000007
382.507672,-0.000007
382.618127,-0.000006
382.728589,0.000009
382.839057,-0.000009
382.949532,-0.000013
383.060013,0.000001
383.170501,-0.000001
383.280996,-0.000003
383.391498,-0.000007
383.502006,-0.000006
383.61252,-0.000001
383.723042,-0.000006
383.833569,0.000009
383.944104,-0.000003
384.054645,-0.000007
384.165193,0.000007
384.275747,-0.000004
384.386308,-0.000006
384.496876,-0.000013
384.60745,-0.000006
384.71803,-0.000004
384.828618,-0.000009
384.939212,-0.000007
385.049812,0.000004
385.160419,-0.00001
385.271033,-0.000012
385.381653,-0.000004
385.49228,0.000004
385.602914,0.000003
385.713554,0.000004
385.8242,-0.000004
385.934853,0.000001
386.045513,-0.000001
386.156179,-0.000003
386.266852,-0.000007
386.377531,0.000004
386.488217,0.000009
386.59891,-0.000006
386.709609,0.000009
386.820315,0.000013
386.931027,0.000006
387.041746,-0.000006
387.152471,0.000009
387.263203,0.000001
387.373941,0.000003
387.484686,-0.000003
387.595437,-0.000001
387.706195,0.000001
387.81696,-0.000001
387.927731,-0.000006
388.038508,-0.000007
388.149292,0.000001
388.260083,0.000003
388.37088,0.000007
388.481683,0.000009
388.592493,0.000007
388.70331,-0.000001
388.814133,0.000019
388.924963,-0.000001
389.035799,0.000004
389.146642,0.000009
389.257491,0.00001
389.368346,-0.000001
389.479208,0.000007
389.590077,-0.000001
389.700952,0.000004
389.811834,0.000003
389.922722,0.00001
390.033616,-0.000004
390.144517,0.000001
390.255425,-0.000001
390.366339,-0.000009
390.477259,-0.000016
390.588186,0.000004
390.69912,0.000006
390.810059,-0.000009
390.921006,-0.000007
391.031959,-0.000006
391.142918,-0.00001
391.253883,0.000001
391.364856,-0.000013
391.475834,0.000001
391.586819,-0.000004
391.697811,-0.000003
391.808809,-0.000007
391.919813,-0.000003
392.030824,0.000009
392.141841,-0.000012
392.252865,-0.00001
392.363895,-0.000003
392.474931,-0.000004
392.585974,0.000004
392.697023,-0.000004
392.808079,-0.000009
392.919141,-0.000001
393.03021,-0.000018
393.141285,-0.000007
393.252367,-0.000006
393.363454,-0.000001
393.474549,-0.000009
393.585649,0.000009
393.696756,0.000004
393.80787,-0.000001
393.91899,0.000001
394.030116,0.000003
394.141249,-0.000018
394.252388,-0.000001
394.363533,0.000004
394.474685,-0.000007
394.585843,-0.000003
394.697008,0.000006
394.808179,0.00001
394.919356,0.000003
395.03054,0.000001
395.14173,0.000012
395.252926,0.000007
395.364129,0.000006
395.475338,0.000004
395.586553,0.000009
395.697775,0.000001
395.809004,-0.000004
395.920238,0.000001
396.031479,0.000009
396.142726,0.000001
396.25398,-0.000004
396.36524,-0.000012
396.476506,0.000012
396.587779,0.000004
396.699058,0.000006
396.810343,0.000013
396.921635,0.000003
397.032933,-0.000006
397.144237,0.000009
397.255548,-0.000003
397.366865,0.000012
397.478188,-0.000006
397.589518,-0.000001
397.700854,-0.000012
397.812196,0.000003
397.923544,0.000004
398.034899,0.000012
398.14626,0.00001
398.257628,-0.000001
398.369001,0.000013
398.480381,0.000012
398.591768,0.000004
398.70316,0.000006
398.814559,0.000007
398.925964,0.000015
399.037376,-0.000009
399.148794,-0.000001
399.260218,-0.000012
399.371648,0.000009
399.483085,0.000004
399.594528,0.000006
399.705977,0.000007
399.817432,0.000015
399.928894,0.000001
400.040362,0.000009
400.151836,-0.000012
400.263316,-0.000001
400.374803,0.000007
400.486296,-0.000001
400.597795,-0.000003
400.709301,-0.000007
400.820813,-0.000006
400.932331,-0.000001
401.043855,0.000001
401.155385,0.000006
401.266922,0.000007
401.378465,-0.000007
401.490014,-0.000006
401.601569,-0.000004
401.713131,-0.000009
401.824699,-0.000007
401.936273,-0.000003
402.047853,-0.000007
402.15944,0.000007
402.271032,-0.000007
402.382631,0.000004
402.494236,-0.000001
402.605848,0.000004
402.717465,-0.000013
402.829089,0.000001
402.940719,-0.000007
403.052355,0.000007
403.163998,-0.000004
403.275646,0.000001
403.387301,0.000003
403.498962,0.000001
403.610629,-0.000004
403.722302,0.000007
403.833982,0.000009
403.945667,-0.000006
404.057359,0.000006
404.169057,-0.000009
404.280761,0.000006
404.392472,0.000001
404.504188,-0.000004
404.615911,0.000007
404.72764,-0.000004
404.839375,-0.000006
404.951116,-0.000004
405.062863,0.000013
405.174617,-0.00001
405.286376,-0.000006
405.398142,-0.00001
405.509914,0.000004
405.621692,0.000003
405.733476,0.00001
405.845266,-0.000001
405.957063,0.000016
406.068865,0.000009
406.180674,0.000007
406.292489,0.000012
406.40431,0.000001
406.516137,0.000003
406.62797,-0.000006
406.73981,0.000003
406.851655,0.000001
406.963507,0.000015
407.075364,-0.000009
407.187228,0.000003
407.299098,0.000004
407.410974,-0.000001
407.522856,-0.000003
407.634744,0.000012
407.746639,-0.000006
407.858539,-0.000007
407.970446,-0.000006
408.082358,-0.000001
408.194277,-0.000009
408.306202,0.000006
408.418133,-0.000018
408.530069,0.000009
408.642012,-0.000003
408.753962,0.000009
408.865917,-0.000009
408.977878,-0.000001
409.089845,-0.000012
409.201819,-0.000004
409.313798,-0.000006
409.425783,-0.000004
409.537775,-0.000006
409.649773,0.000009
409.761776,-0.000003
409.873786,0.000003
409.985802,0.000001
410.097823,-0.000004
410.209851,0.000001
410.321885,-0.000007
410.433925,-0.000003
410.545971,-0.000001
410.658023,-0.000003
410.770081,-0.000004
410.882145,-0.000006
410.994215,0.000006
411.106291,-0.000003
411.218373,0.000009
411.330461,-0.000006
411.442556,-0.000001
411.554656,-0.000009
411.666762,-0.000004
411.778874,-0.000012
411.890992,-0.000001
412.003117,0.000004
412.115247,0.000003
412.227383,0.000007
412.339525,-0.000004
412.451673,-0.000006
412.563828,0.000003
412.675988,-0.000006
412.788154,0.000006
412.900326,0.000007
413.012504,0.000003
413.124688,0.000004
413.236879,-0.000001
413.349075,0.000013
413.461277,-0.000001
413.573485,0.000001
413.685699,0.000006
413.797919,-0.000003
413.910145,0.000003
414.022376,-0.000003
414.134614,0.000006
414.246858,0.000016
414.359108,0.000012
414.471364,0.000004
414.583625,0.000015
414.695893,0.000001
414.808166,0.000006
414.920446,0.00001
415.032731,0.000003
415.145023,0.000007
415.25732,0.000003
415.369623,0.000001
415.481932,0.000009
415.594248,0.000004
415.706569,0.000009
415.818896,-0.000003
415.931228,-0.000001
416.043567,-0.000003
416.155912,0.000003
416.268263,0.000001
416.380619,0.000009
416.492982,-0.000003
416.60535,0.000006
416.717724,-0.000003
416.830104,0.000003
416.94249,-0.000003
417.054882,-0.000007
417.16728,0.000001
417.279684,-0.000007
417.392093,0.000004
417.504509,0.000009
417.61693,-0.000009
417.729358,-0.000007
417.841791,-0.000006
417.95423,-0.000007
418.066675,0.000004
418.179126,-0.000001
418.291582,0.000004
418.404045,-0.000001
418.516513,-0.000003
418.628987,-0.00001
418.741467,-0.000006
418.853953,-0.000001
418.966445,-0.000009
419.078943,-0.000004
419.191446,-0.000018
419.303956,0.000003
419.416471,-0.000006
419.528992,-0.000007
419.641519,-0.000006
419.754052,-0.000007
419.86659,0.000007
419.979135,0.000009
420.091685,0.000004
420.204241,-0.000001
420.316803,0.000004
420.429371,0.000003
420.541944,0.00001
420.654524,0.000003
420.767109,0.000013
420.8797,-0.000001
420.992297,0.000004
421.104899,-0.000001
421.217508,0.000001
421.330122,0.000006
421.442742,0.000001
421.555368,-0.000001
421.667999,0.000007
421.780637,0.000003
421.89328,0.000007
422.005929,-0.000001
422.118584,0.000007
422.231244,-0.000001
422.343911,0.00001
422.456583,-0.00001
422.569261,0.000007
422.681945,0.000009
422.794634,0.00001
422.907329,-0.000004
423.02003,0.000004
423.132737,0.000015
423.24545,-0.000006
423.358168,0.000009
423.470892,0.000007
423.583622,0.000009
423.696357,-0.000003
423.809099,0.000015
423.921846,0.000007
424.034599,0.000003
424.147357,0.000001
424.260122,0.000003
424.372892,0.00001
424.485667,-0.000007
424.598449,-0.000009
424.711236,0.000006
424.824029,0.000001
424.936828,-0.00001
425.049632,0.000004
425.162443,-0.000001
425.275258,0.000001
425.38808,-0.000001
425.500907,0.000001
425.61374,-0.000004
425.726579,-0.000015
425.839424,-0.000013
425.952274,0.000001
426.06513,-0.000004
426.177991,-0.000006
426.290858,-0.000007
426.403731,-0.000003
426.51661,-0.000001
426.629494,0.000001
426.742384,-0.00001
426.85528,-0.000006
426.968181,-0.000007
427.081089,0.000001
427.194001,-0.00001
427.30692,0.000001
427.419844,-0.000013
427.532774,0.000001
427.645709,0.000003
427.75865,-0.000003
427.871597,0.000006
427.984549,0.000007
428.097508,0.000006
428.210471,-0.000006
428.323441,-0.000001
428.436416,-0.000003
428.549397,0.000003
428.662383,-0.000009
428.775375,0.000003
428.888373,-0.000012
429.001376,-0.000001
429.114385,0.000001
429.227399,-0.000001
429.34042,-0.000003
429.453446,-0.000001
429.566477,0.00001
429.679514,0.000009
429.792557,-0.000003
429.905605,0.000015
430.018659,0.000007
430.131719,0.000015
430.244784,0.000007
430.357855,0.000003
430.470931,0.000004
430.584013,-0.000001
430.697101,-0.000006
430.810194,0.000003
430.923293,-0.000031
431.036397,0.000037
431.149507,-0.00005
431.262623,0.000037
431.375744,-0.000031
431.488871,0.00005
431.602003,-0.000037
431.715141,0.000037
431.828285,-0.000034
431.941434,0.000044
432.054589,-0.000034
432.167749,0.000047
432.280915,-0.00005
432.394086,0.000047
432.507263,-0.00004
432.620446,0.00004
432.733634,-0.00005
432.846827,0.000034
432.960026,-0.000037
433.073231,0.000034
433.186442,-0.000044
433.299657,0.000037
433.412879,-0.000044
433.526106,0.00004
433.639338,-0.000031
433.752576,0.000034
433.86582,-0.00004
433.979069,0.000037
434.092324,-0.000047
434.205584,0.000037
434.318849,-0.00004
434.432121,0.000025
434.545397,-0.000047
434.65868,0.000037
434.771967,-0.000053
434.885261,0.000037
434.99856,-0.00004
435.111864,0.00004
435.225174,-0.000044
435.338489,0.000044
435.45181,-0.000044
435.565136,0.000031
435.678468,-0.000044
435.791805,0.000031
435.905148,-0.00004
436.018497,0.000034
436.13185,-0.00004
436.24521,0.000047
436.358574,-0.00005
436.471945,0.000044
436.58532,-0.00004
436.698702,0.00005
436.812088,-0.00004
436.92548,0.000034
437.038878,-0.000034
437.152281,0.000028
437.26569,-0.00005
437.379104,0.000037
437.492523,-0.000037
437.605948,0.000031
437.719379,-0.00004
437.832814,0.000034
437.946256,-0.00004
438.059702,0.000034
438.173155,-0.000044
438.286612,0.000053
438.400075,-0.000047
438.513544,0.000034
438.627018,-0.000031
438.740497,0.00005
438.853982,-0.000034
438.967472,0.000037
439.080968,-0.000034
439.194469,0.00004
439.307975,-0.00004
439.421487,0.00005
439.535005,-0.000037
439.648527,0.00004
439.762056,-0.00004
439.875589,0.000044
439.989128,-0.000037
440.102673,0.000044
440.216222,-0.00004
440.329777,0.000044
440.443338,-0.000037
440.556904,0.00004
440.670475,-0.000037
440.784052,0.000047
440.897634,-0.000034
441.011222,0.000037
441.124815,-0.000044
441.238413,0.000044
441.352017,-0.000022
441.465626,0.000037
441.57924,-0.00004
441.69286,0.000034
441.806485,-0.000047
441.920116,0.00005
442.033752,-0.000047
442.147393,0.000037
442.261039,-0.000034
442.374691,0.000037
442.488349,-0.000034
442.602011,0.000044
442.715679,-0.00004
442.829353,0.000034
442.943031,-0.000047
443.056715,0.000034
443.170405,-0.000047
443.2841,0.000028
443.3978,-0.000034
443.511505,0.000037
443.625216,-0.000047
443.738932,0.000037
443.852653,-0.000047
443.96638,0.000031
444.080112,-0.000047
444.193849,0.000034
444.307592,-0.000031
444.42134,0.00004
444.535093,-0.000037
444.648852,0.000034
444.762615,-0.000037
444.876385,0.000044
444.990159,-0.000034
445.103939,0.000037
445.217724,-0.000031
445.331514,0.00004
445.44531,-0.000037
445.559111,0.000031
445.672917,-0.000025
445.786729,0.000034
445.900545,-0.000034
446.014367,0.000031
446.128195,-0.000047
446.242027,0.000037
446.355865,-0.000037
446.469709,0.000034
446.583557,-0.000031
446.697411,0.000037
446.81127,-0.000031
446.925134,0.00005
447.039003,-0.000031
447.152878,0.000034
447.266758,-0.000031
447.380643,0.000034
447.494534,-0.000031
447.608429,0.000034
447.72233,-0.000037
447.836237,0.000037
447.950148,-0.000037
448.064065,0.000022
448.177987,-0.00004
448.291914,0.00004
448.405846,-0.00004
448.519784,0.000047
448.633726,-0.000047
448.747674,0.00005
448.861628,-0.000037
448.975586,0.000044
449.08955,-0.000037
449.203519,0.000053
449.317493,-0.000031
449.431472,0.000037
449.545457,-0.000044
449.659446,0.00004
449.773441,-0.00005
449.887441,0.000031
450.001447,-0.000047
450.115457,0.00004
450.229473,-0.000044
450.343494,0.000037
450.45752,-0.000034
450.571551,0.00005
450.685587,-0.000034
450.799629,0.000047
450.913676,-0.00004
451.027728,0.00004
451.141785,-0.000034
451.255847,0.000037
451.369915,-0.00004
451.483987,0.000022
451.598065,-0.000031
451.712148,0.000037
451.826236,-0.00005
451.940329,0.000031
452.054428,-0.00004
452.168531,0.000025
452.28264,-0.00005
452.396754,0.000034
452.510873,-0.000047
452.624997,0.000037
452.739126,-0.000047
452.85326,0.000044
452.9674,-0.000037
453.081544,0.000047
453.195694,-0.00004
453.309849,0.000047
453.424009,-0.000034
453.538174,0.000047
453.652344,-0.000034
453.76652,0.000031
453.8807,-0.000034
453.994886,0.000031
454.109076,-0.000034
454.223272,0.000044
454.337473,-0.00004
454.451679,0.000028
454.56589,-0.000031
454.680106,0.000047
454.794328,-0.000022
454.908554,0.000047
455.022785,-0.000031
455.137022,0.000047
455.251264,-0.000044
455.36551,0.000044
455.479762,-0.000031
455.594019,0.000047
455.708281,-0.000044
455.822548,0.00005
455.93682,-0.000031
456.051097,0.000044
456.165379,-0.000031
456.279666,0.00005
456.393959,-0.000037
456.508256,0.000047
456.622559,-0.000037
456.736866,0.00004
456.851179,-0.000037
456.965496,0.000034
457.079819,-0.00004
457.194146,0.000034
457.308479,-0.000031
457.422817,0.000047
457.53716,-0.000028
457.651507,0.00005
457.76586,-0.000028
457.880218,0.000034
457.994581,-0.000031
458.108949,0.00004
458.223322,-0.000034
458.3377,0.000034
458.452083,-0.000056
458.566471,0.00004
458.680864,-0.000037
458.795262,0.000034
458.909665,-0.000034
459.024073,0.000034
459.138486,-0.000047
459.252904,0.000047
459.367327,-0.00004
459.481755,0.000034
459.596188,-0.000037
459.710626,0.00005
459.825069,-0.000037
459.939517,0.00004
460.05397,0.000004
460.168427,-0.00001
460.28289,-0.000006
460.397358,0.000006
460.511831,0.000007
460.626309,-0.000007
460.740792,-0.000006
460.855279,0.000006
460.969772,0.000004
461.08427,-0.000004
461.198772,0.000004
461.31328,0.000006
461.427792,0.000007
461.54231,-0.00001
461.656832,-0.000009
461.77136,0.000003
461.885892,-0.000003
462.000429,0.000006
462.114971,-0.000015
462.229518,-0.000001
462.34407,-0.000003
462.458627,0.000012
462.573189,0.000007
462.687756,-0.000001
462.802328,0.000004
462.916905,0.000012
463.031486,-0.000003
463.146073,0.000006
463.260664,-0.000009
463.37526,0.000006
463.489862,-0.000006
463.604468,-0.000001
463.719079,0.000007
463.833695,0.000012
463.948316,0.000001
464.062941,0.000006
464.177572,0.000004
464.292208,0.000022
464.406848,-0.000003
464.521493,0.000006
464.636144,0.000007
464.750799,0.000018
464.865459,-0.000009
464.980124,0.000003
465.094793,0.000007
465.209468,0.000015
465.324147,0.000001
465.438832,0.000003
465.553521,-0.000012
465.668215,0.000003
465.782914,-0.000003
465.897618,0.000009
466.012326,0.000001
466.12704,0.000006
466.241758,0.00001
466.356481,-0.000001
466.471209,0.000007
466.585942,0.000003
466.70068,-0.000003
466.815423,-0.000001
466.93017,-0.000006
467.044922,-0.000004
467.159679,-0.000006
467.274441,-0.000001
467.389208,-0.000009
467.503979,-0.000001
467.618756,-0.000006
467.733537,-0.000004
467.848323,0.000004
467.963114,0.000006
468.077909,-0.000012
468.19271,0.000003
468.307515,-0.000006
468.422325,0.000009
468.53714,0.000001
468.65196,-0.000004
468.766784,-0.000012
468.881613,0.000012
468.996447,0.000001
469.111286,-0.000004
469.22613,0.000004
469.340978,-0.000013
469.455832,0.000004
469.57069,-0.000004
469.685552,-0.000012
469.80042,-0.000001
469.915292,-0.000018
470.030169,-0.000001
470.145051,-0.000006
470.259938,-0.000007
470.374829,-0.000012
470.489725,-0.000007
470.604626,0.000001
470.719532,-0.000001
470.834442,0.000004
470.949357,-0.00001
471.064277,0.000001
471.179202,-0.000004
471.294131,-0.000003
471.409066,0.000009
471.524004,0.00001
471.638948,0.000006
471.753896,0.000007
471.868849,0.000009
471.983807,-0.000003
472.09877,-0.000001
472.213737,0.000001
472.328709,-0.00001
472.443686,0.000004
472.558667,0.000006
472.673653,0.000004
472.788644,-0.000001
472.90364,-0.000006
473.01864,0.000006
473.133645,0.000001
473.248655,0.000006
473.363669,0.000016
473.478688,-0.000004
473.593712,0.000004
473.708741,-0.000004
473.823774,0.000013
473.938812,-0.00001
474.053854,0.000007
474.168902,-0.000001
474.283954,-0.000006
474.39901,-0.000001
474.514071,0.000004
474.629137,0.000003
474.744208,0.000007
474.859283,-0.000001
474.974363,0.000007
475.089448,-0.000004
475.204537,-0.000003
475.319631,0.000009
475.43473,0.000001
475.549833,0.000012
475.664941,0.000001
475.780054,0.000006
475.895171,0.00001
476.010293,0.000006
476.125419,0.000004
476.24055,0.000006
476.355686,-0.000009
476.470827,0.000006
476.585972,0.000007
476.701121,0.000003
476.816276,0.000004
476.931435,0.000003
477.046598,-0.000009
477.161766,-0.00001
477.276939,-0.000009
477.392117,-0.000001
477.507299,0.000001
477.622485,0.000003
477.737677,-0.000009
477.852873,0.000003
477.968073,-0.000009
478.083278,-0.000004
478.198488,-0.000012
478.313702,0.000003
478.428921,-0.000009
478.544144,-0.000004
478.659373,-0.000003
478.774605,0.000006
478.889842,-0.000012
479.005084,-0.00001
479.120331,0.000004
479.235582,0.000003
479.350837,-0.000012
479.466097,-0.00001
479.581362,-0.000003
479.696631,0.000003
479.811905,0.000004
479.927184,0.000012
480.042467,-0.000003
480.157754,0.000006
480.273046,-0.000003
480.388343,0.000006
480.503644,-0.000009
480.61895,0.000009
480.73426,-0.000003
480.849575,0.000003
480.964894,0.000007
481.080218,-0.000004
481.195546,0.000007
481.310879,0.000006
481.426217,-0.000009
481.541559,-0.000001
481.656906,0.000007
481.772257,0.000022
481.887612,0.000001
482.002972,0.000009
482.118337,0.000001
482.233706,-0.000001
482.34908,-0.000012
482.464458,0.000012
482.579841,-0.000006
482.695228,0.000009
482.81062,-0.000006
482.926016,0.000006
483.041417,0.000004
483.156822,-0.000004
483.272232,0.00001
483.387646,-0.00001
483.503064,0.00001
483.618488,0.000006
483.733915,0.000007
483.849347,-0.000004
483.964784,0.000007
484.080225,0.000006
484.195671,-0.000003
484.311121,0.000003
484.426575,-0.000006
484.542034,0.000012
484.657498,-0.000009
484.772966,-0.000007
484.888438,0.00001
485.003915,-0.000001
485.119396,0.000001
485.234882,-0.000001
485.350372,-0.000003
485.465867,-0.00001
485.581366,-0.000012
485.696869,0.000003
485.812377,-0.000003
485.92789,-0.000001
486.043406,0.000001
486.158928,0.000003
486.274453,-0.000003
486.389983,-0.00001
486.505518,0.000001
486.621057,-0.000004
486.7366,-0.000012
486.852148,-0.000004
486.9677,-0.000012
487.083257,-0.000001
487.198818,-0.000006
487.314384,-0.000007
487.429953,0.000004
487.545528,-0.000004
487.661106,0.000007
487.77669,0.000009
487.892277,-0.000003
488.007869,-0.000004
488.123465,-0.000006
488.239066,-0.000004
488.354671,0.000004
488.47028,-0.000007
488.585894,0.000004
488.701512,0.000003
488.817135,0.000004
488.932762,0.000006
489.048393,0.000007
489.164029,-0.00001
489.279669,0.000001
489.395313,0.000009
489.510962,-0.000025
489.626615,0.000066
489.742273,-0.000037
489.857935,0.000037
489.973601,-0.000037
490.089271,0.000047
490.204946,-0.000034
490.320626,0.00005
490.436309,-0.000034
490.551997,0.000059
490.667689,-0.000034
490.783386,0.00005
490.899087,-0.000044
491.014792,0.000047
491.130502,-0.00004
491.246216,0.000047
491.361934,-0.00004
491.477657,0.000034
491.593384,-0.000025
491.709115,0.000044
491.82485,-0.000037
491.94059,0.000047
492.056334,-0.00004
492.172083,0.000031
492.287836,-0.000028
492.403593,0.000037
492.519354,-0.000044
492.63512,0.000034
492.75089,-0.000028
492.866664,0.000047
492.982443,-0.00004
493.098226,0.000044
493.214013,-0.00004
493.329804,0.000047
493.4456,-0.000031
493.5614,0.000037
493.677204,-0.000044
493.793013,0.000028
493.908826,-0.000053
494.024643,0.000044
494.140464,-0.000044
494.25629,0.000037
494.372119,-0.000044
494.487954,0.000031
494.603792,-0.000034
494.719635,0.00004
494.835482,-0.000044
494.951333,0.000018
495.067188,-0.00005
495.183048,0.000034
495.298912,-0.000044
495.41478,0.000034
495.530652,-0.000044
495.646529,0.000037
495.762409,-0.000044
495.878295,0.000044
495.994184,-0.000034
496.110077,0.00004
496.225975,-0.000044
496.341877,0.000034
496.457783,-0.000028
496.573694,0.00004
496.689608,-0.000031
496.805527,0.000037
496.92145,-0.000031
497.037377,0.000028
497.153309,-0.000034
497.269244,0.00004
497.385184,-0.000044
497.501128,0.00004
497.617077,-0.000047
497.733029,0.000034
497.848986,-0.000034
497.964946,0.000037
498.080911,-0.000044
498.196881,0.000037
498.312854,-0.000047
498.428831,0.000047
498.544813,-0.000028
498.660799,0.000047
498.776789,-0.00004
498.892783,0.000047
499.008782,-0.000044
499.124784,0.000034
499.240791,-0.000037
499.356802,0.000031
499.472817,-0.000028
499.588836,0.00004
499.704859,-0.000022
499.820887,0.00004
499.936918,-0.000037
500.052954,0.00005
500.168994,-0.000037
500.285038,0.000047
500.401086,-0.00004
500.517138,0.000047
500.633195,-0.000028
500.749256,0.000037
500.86532,-0.00004
500.981389,0.00004
501.097462,-0.00004
501.213539,0.000047
501.32962,-0.000037
501.445706,0.000044
501.561795,-0.000031
501.677888,0.000025
501.793986,-0.000047
501.910088,0.000028
502.026194,-0.000037
502.142304,0.000047
502.258418,-0.000031
502.374536,0.000034
502.490658,-0.000044
502.606784,0.000034
502.722915,-0.00004
502.839049,0.000034
502.955188,-0.000034
503.07133,0.000028
503.187477,-0.000059
503.303628,0.000028
503.419783,-0.000047
503.535942,0.000037
503.652105,-0.00004
503.768272,0.00004
503.884443,-0.00005
504.000618,0.000031
504.116797,-0.000037
504.232981,0.000031
504.349168,-0.000031
504.46536,0.000025
504.581555,-0.000031
504.697755,0.000031
504.813958,-0.000053
504.930166,0.000037
505.046377,-0.00005
505.162593,0.000025
505.278813,-0.00004
505.395037,0.000044
505.511264,-0.000044
505.627496,0.000044
505.743732,-0.000047
505.859972,0.000044
505.976216,-0.000028
506.092464,0.000037
506.208716,-0.000031
506.324972,0.000037
506.441232,-0.000044
506.557496,0.000053
506.673764,-0.000053
506.790035,0.000034
506.906311,-0.000037
507.022591,0.000047
507.138875,-0.000028
507.255163,0.000044
507.371455,-0.00004
507.487751,0.000044
507.604051,-0.000037
507.720355,0.000044
507.836663,-0.000031
507.952975,0.000034
508.069291,-0.00004
508.185611,0.000047
508.301934,-0.00004
508.418262,0.000044
508.534594,-0.00005
508.65093,0.00005
508.767269,-0.00004
508.883613,0.000044
508.99996,-0.00004
509.116312,0.000047
509.232667,-0.000031
509.349027,0.000044
509.46539,-0.000031
509.581758,0.000034
509.698129,-0.00004
509.814504,0.000037
509.930883,-0.000047
510.047266,0.00004
510.163653,-0.000034
510.280044,0.000047
510.396439,-0.000044
510.512838,0.000047
510.629241,-0.000037
510.745647,0.000037
510.862058,-0.000037
510.978472,0.000037
511.094891,-0.000044
511.211313,0.000031
511.327739,-0.000044
511.44417,0.000028
511.560604,-0.00004
511.677042,0.000037
511.793483,-0.00004
511.909929,0.000034
512.026379,-0.00005
512.142832,0.000031
512.25929,-0.00005
512.375751,0.000037
512.492216,-0.00005
512.608685,0.000031
512.725158,-0.000034
512.841635,0.000044
512.958116,-0.000044
513.0746,0.000044
513.191089,-0.00004
513.307581,0.000028
513.424077,-0.000034
513.540577,0.00004
513.657081,-0.000037
513.773589,0.000025
513.890101,-0.000031
514.006616,0.000037
514.123136,-0.000031
514.239659,0.000034
514.356186,-0.00004
514.472717,0.000053
514.589251,-0.000037
514.70579,0.000044
514.822332,-0.000037
514.938879,0.00005
515.055429,-0.000022
515.171983,0.000047
515.28854,-0.000031
515.405102,0.000034
515.521667,-0.000031
515.638236,0.000047
515.754809,-0.000028
515.871386,0.000031
515.987967,-0.000031
516.104551,0.000056
516.221139,-0.000022
516.337732,0.000047
516.454327,-0.000037
516.570927,0.000028
516.687531,-0.000031
516.804138,0.000047
516.920749,-0.000044
517.037364,0.000037
517.153982,-0.000034
517.270605,0.000047
517.387231,-0.000031
517.503861,0.00004
517.620495,-0.000031
517.737132,0.00004
517.853774,-0.000031
517.970419,0.000053
518.087067,-0.000034
518.20372,0.000047
518.320376,-0.000034
518.437037,0.000037
518.553701,-0.000037
518.670368,0.00004
518.78704,-0.000047
518.903715,0.000044
519.020394,-0.000031
519.137076,0.00004
519.253763,-0.000006
519.370453,0.000009
519.487147,-0.000003
519.603845,0.000003
519.720546,-0.000003
519.837251,-0.000001
519.95396,0.000001
520.070672,0.000006
520.187389,-0.000018
520.304109,-0.000013
520.420832,-0.000009
520.53756,-0.000004
520.654291,0.000007
520.771026,-0.000013
520.887765,-0.000003
521.004507,-0.000007
521.121253,-0.000003
521.238003,-0.000007
521.354756,-0.000009
521.471513,0.000003
521.588274,0.000007
521.705039,-0.000001
521.821807,0.000001
521.938579,-0.000004
522.055354,-0.000009
522.172133,0.000006
522.288916,0.000007
522.405703,-0.00001
522.522493,-0.000003
522.639287,0.000006
522.756085,0.000001
522.872886,-0.000001
522.989691,0.000004
523.1065,-0.00001
523.223312,0.000001
523.340128,0.000009
523.456948,0.000001
523.573771,0.000003
523.690598,0.00001
523.807429,-0.000001
523.924263,0.000013
524.041101,0.000003
524.157943,-0.000012
524.274788,-0.000001
524.391637,0.000007
524.508489,0.000009
524.625345,-0.000006
524.742205,0.000006
524.859068,0.000007
524.975935,0.000003
525.092806,0.000001
525.20968,0.000012
525.326558,0.00001
525.443439,0.000006
525.560324,0.000004
525.677213,0.000006
525.794105,-0.000006
525.911001,0.000006
526.027901,0.000004
526.144804,0.000012
526.261711,-0.000012
526.378621,-0.000001
526.495535,0.000007
526.612452,-0.000004
526.729374,0.000001
526.846298,0.000012
526.963227,0.000013
527.080158,0.000006
527.197094,0.00001
527.314033,0.000009
527.430975,0.000007
527.547922,-0.000001
527.664871,-0.000003
527.781825,-0.00001
527.898782,-0.000012
528.015742,-0.000007
528.132706,0.00001
528.249674,-0.00001
528.366645,-0.000012
528.483619,0.000003
528.600598,0.00001
528.717579,-0.000007
528.834565,-0.000003
528.951554,-0.000001
529.068546,-0.000012
529.185542,-0.000016
529.302541,0.000004
529.419544,-0.000004
529.536551,-0.000018
529.653561,-0.000007
529.770575,0.000001
529.887592,-0.000001
530.004612,-0.000003
530.121637,-0.00001
530.238664,-0.000009
530.355696,-0.000001
530.47273,0.000004
530.589769,-0.000004
530.70681,0.000001
530.823856,-0.000001
530.940904,-0.000006
531.057957,-0.000001
531.175012,-0.000003
531.292072,0.000012
531.409134,0.000013
531.526201,0.000009
531.64327,-0.000003
531.760344,0.000003
531.87742,-0.000003
531.994501,-0.000001
532.111584,-0.000003
532.228671,-0.000001
532.345762,0.000007
532.462856,-0.000007
532.579954,0.000004
532.697055,-0.000004
532.814159,-0.000009
532.931267,0.000006
533.048379,0.000001
533.165493,0.000009
533.282612,0.000004
533.399734,-0.000004
533.516859,-0.000003
533.633988,-0.00001
533.75112,-0.000009
533.868255,-0.000007
533.985394,0.000001
534.102537,0.000003
534.219683,-0.000018
534.336832,-0.000001
534.453985,0.000001
534.571141,0.000009
534.688301,0.000001
534.805464,-0.000007
534.92263,0.000001
535.0398,-0.000001
535.156973,0.000001
535.27415,0.000009
535.39133,-0.000003
535.508514,-0.000013
535.625701,0.000001
535.742891,0.000006
535.860085,-0.000012
535.977282,-0.000004
536.094482,0.000007
536.211686,0.000006
536.328894,-0.000003
536.446104,0.000003
536.563318,0.000001
536.680536,-0.000001
536.797757,-0.000012
536.914981,-0.000007
537.032209,-0.000006
537.14944,-0.000004
537.266674,0.000001
537.383912,-0.000007
537.501153,0.000001
537.618398,0.000012
537.735645,0.000004
537.852897,-0.000007
537.970151,-0.000006
538.087409,-0.000001
538.20467,0.000001
538.321935,0.000003
538.439203,-0.000009
538.556474,0.000003
538.673749,-0.000009
538.791027,-0.000007
538.908309,-0.000003
539.025593,0.000003
539.142881,-0.000006
539.260173,-0.000004
539.377467,-0.000003
539.494765,-0.000004
539.612067,-0.000006
539.729371,-0.000004
539.846679,-0.000009
539.963991,-0.000013
540.081305,0.000004
540.198623,-0.000001
540.315945,-0.000003
540.433269,-0.000001
540.550597,0.00001
540.667928,-0.000001
540.785263,-0.000009
540.9026,0.000015
541.019942,0.000007
541.137286,0.000009
541.254634,0.000001
541.371985,0.000009
541.489339,0.000001
541.606696,-0.000001
541.724057,0.000004
541.841421,-0.000001
541.958789,0.000001
542.076159,-0.000007
542.193533,0.000004
542.31091,0.000003
542.428291,0.000004
542.545674,0.000003
542.663061,0.000004
542.780452,-0.000001
542.897845,0.000007
543.015242,-0.000007
543.132642,0.000004
543.250045,0.000003
543.367452,0.000007
543.484861,0.000009
543.602274,0.000001
543.71969,0.000003
543.83711,-0.000009
543.954533,0.000003
544.071959,0.000007
544.189388,0.000009
544.30682,0.000001
544.424256,0.000009
544.541695,-0.000006
544.659137,0.000012
544.776582,-0.000009
544.89403,0.000003
545.011482,0.00001
545.128937,0.000003
545.246395,-0.000006
545.363857,-0.000001
545.481321,0.000001
545.598789,0.000003
545.71626,-0.000003
545.833734,-0.000004
545.951211,0.000001
546.068692,-0.000007
546.186175,-0.000009
546.303662,-0.000001
546.421152,-0.000006
546.538646,-0.000004
546.656142,-0.000015
546.773642,0.000006
546.891145,-0.000009
547.008651,-0.000004
547.12616,0.000001
547.243672,0.000003
547.361188,-0.000009
547.478706,-0.000001
547.596228,-0.000012
547.713753,0.000009
547.831281,-0.000015
547.948812,-0.000001
548.066347,-0.000006
548.183884,0.000009
548.301425,-0.000009
548.418969,0.000006
548.536516,0.000007
548.654066,0.000006
548.77162,-0.000012
548.889176,-0.000007
549.006736,0.000001
549.124298,-0.000007
549.241864,-0.000034
549.359433,0.000031
549.477005,-0.00004
549.59458,0.00005
549.712159,-0.000037
549.82974,0.000044
549.947324,-0.000034
550.064912,0.000037
550.182503,-0.000044
550.300097,0.00005
550.417694,-0.000031
550.535294,0.000047
550.652897,-0.000034
550.770503,0.000044
550.888112,-0.00004
551.005725,0.000047
551.12334,-0.000044
551.240959,0.00004
551.358581,-0.000031
551.476206,0.000056
551.593833,-0.00004
551.711464,0.000044
551.829098,-0.000031
551.946735,0.000037
552.064376,-0.00004
552.182019,0.000047
552.299665,-0.000037
552.417314,0.000031
552.534967,-0.000044
552.652622,0.000044
552.770281,-0.000031
552.887942,0.000037
553.005607,-0.000031
553.123275,0.000053
553.240945,-0.00004
553.358619,0.00005
553.476296,-0.000028
553.593976,0.00004
553.711659,-0.00004
553.829344,0.000031
553.947033,-0.00004
554.064725,0.000056
554.18242,-0.000044
554.300118,0.000044
554.417819,-0.000034
554.535523,0.000044
554.65323,-0.000031
554.77094,0.000037
554.888654,-0.000044
555.00637,0.000031
555.124089,-0.000044
555.241811,0.000037
555.359536,-0.000053
555.477264,0.000044
555.594995,-0.000053
555.712729,0.000031
555.830466,-0.000037
555.948206,0.000034
556.06595,-0.000044
556.183696,0.000037
556.301445,-0.00004
556.419197,0.000031
556.536952,-0.000056
556.65471,0.00004
556.772471,-0.000037
556.890234,0.00004
557.008001,-0.00005
557.125771,0.000044
557.243544,-0.000028
557.36132,0.000044
557.479098,-0.000037
557.59688,0.000037
557.714665,-0.000037
557.832452,0.000037
557.950243,-0.000037
558.068036,0.000044
558.185833,-0.000034
558.303632,0.000056
558.421434,-0.000034
558.53924,0.000044
558.657048,-0.000031
558.774859,0.000044
558.892673,-0.000056
559.01049,0.00004
559.12831,-0.00004
559.246133,0.000034
559.363958,-0.000034
559.481787,0.00004
559.599619,-0.00004
559.717453,0.000056
559.835291,-0.000037
559.953131,0.000044
560.070974,-0.000037
560.18882,0.000034
560.306669,-0.000034
560.424521,0.000044
560.542376,-0.00005
560.660234,0.00005
560.778094,-0.00004
560.895958,0.000053
561.013824,-0.00004
561.131693,0.000047
561.249565,-0.000037
561.36744,0.000034
561.485318,-0.000034
561.603199,0.000047
561.721082,-0.000044
561.838969,0.000044
561.956858,-0.00004
562.074751,0.00004
562.192646,-0.000025
562.310544,0.000044
562.428444,-0.00004
562.546348,0.000031
562.664255,-0.000047
562.782164,0.000044
562.900076,-0.00004
563.017991,0.000047
563.135909,-0.000047
563.25383,0.00004
563.371753,-0.000044
563.48968,0.000037
563.607609,-0.000044
563.725541,0.000044
563.843476,-0.000047
563.961414,0.000028
564.079354,-0.000047
564.197297,0.000031
564.315244,-0.000028
564.433193,0.000037
564.551144,-0.000044
564.669099,0.000028
564.787056,-0.000047
564.905017,0.000022
565.02298,-0.000044
565.140946,0.000037
565.258914,-0.000044
565.376886,0.000044
565.49486,-0.000056
565.612837,0.000025
565.730817,-0.000047
565.848799,0.00004
565.966785,-0.00004
566.084773,0.000037
566.202764,-0.000031
566.320758,0.000044
566.438754,-0.000031
566.556753,0.000025
566.674755,-0.000037
566.79276,0.00004
566.910768,-0.000034
567.028778,0.000031
567.146791,-0.000028
567.264807,0.000044
567.382826,-0.000037
567.500847,0.00004
567.618871,-0.000037
567.736898,0.000028
567.854927,-0.00005
567.97296,0.000028
568.090995,-0.000028
568.209033,0.000037
568.327073,-0.000047
568.445117,0.000025
568.563163,-0.000044
568.681211,0.000028
568.799263,-0.000044
568.917317,0.000037
569.035374,-0.000047
569.153434,0.000031
569.271496,-0.00004
569.389561,0.00004
569.507629,-0.000037
569.625699,0.000028
569.743773,-0.00004
569.861848,0.00004
569.979927,-0.000022
570.098008,0.000031
570.216092,-0.000025
570.334179,0.000034
570.452269,-0.000047
570.570361,0.00004
570.688455,-0.000044
570.806553,0.000044
570.924653,-0.000044
571.042756,0.00004
571.160861,-0.000047
571.278969,0.000047
571.39708,-0.000044
571.515194,0.000031
571.63331,-0.00005
571.751429,0.000028
571.86955,-0.000037
571.987675,0.000031
572.105801,-0.00004
572.223931,0.00004
572.342063,-0.00004
572.460198,0.00004
572.578335,-0.00004
572.696475,0.000015
572.814618,-0.000025
572.932764,0.000037
573.050912,-0.00004
573.169062,0.000028
573.287216,-0.000044
573.405372,0.000037
573.52353,-0.000047
573.641691,0.000037
573.759855,-0.00004
573.878022,0.00004
573.996191,-0.000044
574.114362,0.000031
574.232537,-0.000053
574.350713,0.000044
574.468893,-0.00004
574.587075,0.00004
574.70526,-0.00004
574.823447,0.00004
574.941637,-0.00004
575.05983,0.00004
575.178025,-0.000053
575.296222,0.00004
575.414423,-0.00004
575.532626,0.000034
575.650831,-0.000037
575.769039,0.000044
575.88725,-0.00004
576.005463,0.000037
576.123679,-0.00004
576.241897,0.000047
576.360118,-0.000053
576.478342,0.000037
576.596568,-0.000037
576.714797,0.000044
576.833028,-0.000037
576.951262,0.000044
577.069498,-0.000037
577.187737,0.00004
577.305978,-0.000034
577.424222,0.000044
577.542469,-0.00004
577.660718,0.00004
577.778969,-0.00005
577.897224,0.000047
578.01548,-0.000037
578.13374,0.00004
578.252001,-0.000044
578.370266,0.000028
578.488533,-0.000053
578.606802,0.00004
578.725074,-0.000044
578.843348,0.00004
578.961625,-0.000025
579.079905,0.000037
579.198187,-0.00005
579.316471,0.00004
579.434758,-0.000006
579.553047,0.000018
579.671339,-0.000003
579.789634,0.000006
579.907931,0.000001
580.02623,0.000003
580.144532,-0.000006
580.262837,-0.000007
580.381144,-0.000006
580.499453,-0.00001
580.617765,-0.000018
580.73608,-0.000013
580.854397,-0.000006
580.972716,0.000009
581.091038,-0.000015
581.209362,-0.00001
581.327689,-0.000018
581.446018,0.000006
581.56435,-0.000009
581.682684,-0.000004
581.801021,-0.000003
581.91936,-0.00001
582.037701,-0.000018
582.156046,-0.000013
582.274392,-0.000009
582.392741,-0.000007
582.511092,-0.000012
582.629446,0.000003
582.747802,-0.000003
582.866161,-0.000001
582.984522,-0.000012
583.102886,0.000003
583.221252,-0.000015
583.33962,-0.000007
583.457991,-0.000006
583.576364,-0.000001
583.69474,-0.000003
583.813118,-0.000016
583.931499,-0.000015
584.049882,-0.000013
584.168267,-0.000015
584.286655,-0.00001
584.405045,-0.000009
584.523438,-0.000001
584.641833,-0.000003
584.76023,-0.000001
584.87863,-0.000006
584.997032,0.000003
585.115437,-0.000015
585.233843,0.000003
585.352253,-0.000009
585.470665,0.000009
585.589079,-0.000022
585.707495,0.000006
585.825914,-0.000009
585.944335,-0.000001
586.062759,-0.000015
586.181185,-0.000013
586.299613,-0.000025
586.418044,-0.000004
586.536477,-0.000012
586.654913,-0.000007
586.773351,-0.000015
586.891791,-0.00001
587.010233,-0.000022
587.128678,-0.000016
587.247125,-0.000031
587.365575,-0.000029
587.484027,-0.000025
587.602481,-0.000029
587.720938,-0.000034
587.839397,-0.000042
587.957858,-0.000044
588.076322,-0.000054
588.194788,0.001555
588.313256,0.048557
588.431727,0.11897
588.5502,0.149806
588.668675,0.134949
588.787152,0.09883
588.905632,0.123554
589.024115,0.193587
589.142599,0.221194
589.261086,0.194075
589.379575,0.140804
589.498066,0.122713
589.61656,0.128565
589.735056,0.120433
589.853555,0.098245
589.972055,0.077551
590.090558,0.066116
590.209063,0.059671
590.327571,0.05311
590.446081,0.039811
590.564593,0.032622
590.683107,0.02772
590.801624,0.020628
590.920143,0.015821
591.038664,0.011455
591.157187,0.006327
591.275713,0.002753
591.394241,0.000003
591.512771,-0.000066
591.631304,-0.000073
591.749838,-0.000053
591.868375,-0.000038
591.986915,-0.000031
592.105456,-0.000026
592.224,-0.000009
592.342546,-0.000013
592.461094,-0.000009
592.579645,-0.000019
592.698197,-0.000015
592.816752,-0.000019
592.93531,-0.000003
593.053869,-0.00001
593.172431,-0.000003
593.290995,-0.00001
593.409561,-0.000006
593.528129,-0.000007
593.6467,-0.000012
593.765272,-0.000001
593.883847,0.000001
594.002424,-0.000001
594.121004,-0.000003
594.239586,-0.000004
594.358169,0.000007
594.476755,-0.000007
594.595344,-0.000003
594.713934,-0.000001
594.832527,0.000004
594.951121,-0.00001
595.069718,-0.000009
595.188318,-0.000004
595.306919,0.000004
595.425523,0.000003
595.544128,-0.000006
595.662736,-0.000004
595.781346,0.000001
595.899959,-0.000004
596.018573,-0.000018
596.13719,-0.000007
596.255808,-0.000003
596.374429,0.000006
596.493052,0.000001
596.611678,0.000006
596.730305,0.000004
596.848935,0.000003
596.967566,0.000001
597.0862,-0.000007
597.204836,-0.000003
597.323474,-0.000001
597.442115,0.000004
597.560757,-0.000004
597.679402,-0.000003
597.798048,-0.000001
597.916697,0.000007
598.035348,-0.000007
598.154001,-0.000003
598.272657,-0.00001
598.391314,-0.000003
598.509973,-0.000001
598.628635,-0.000003
598.747299,-0.000004
598.865965,-0.000012
598.984633,-0.000004
599.103303,0.000004
599.221975,0.000003
599.340649,-0.000006
599.459325,-0.000004
599.578004,-0.000003
599.696684,0.000003
599.815367,-0.000012
599.934052,-0.00001
600.052738,-0.000025
600.171427,-0.000001
600.290118,-0.000006
600.408811,0.000003
600.527507,-0.000006
600.646204,-0.000001
600.764903,-0.000006
600.883605,-0.000007
601.002308,-0.000003
601.121014,-0.000007
601.239721,0.000004
601.358431,-0.000007
601.477142,-0.000015
601.595856,-0.00001
601.714572,-0.000003
601.83329,0.000006
601.95201,0.000004
602.070732,0.000003
602.189456,-0.000009
602.308182,0.000006
602.42691,-0.000003
602.54564,0.000009
602.664372,0.000004
602.783106,0.000009
602.901843,-0.000003
603.020581,-0.00001
603.139321,0.000001
603.258064,0.000003
603.376808,0.000007
603.495554,-0.000007
603.614303,0.00001
603.733053,-0.000001
603.851805,-0.000003
603.97056,-0.000001
604.089316,0.000001
604.208075,-0.000004
604.326835,0.000001
604.445597,-0.000004
604.564362,-0.000003
604.683128,0.000003
604.801897,-0.000009
604.920667,0.000009
605.039439,-0.000018
605.158214,0.000003
605.27699,-0.000006
605.395769,0.000003
605.514549,0.000007
605.633331,0.000006
605.752115,-0.000006
605.870902,-0.000007
605.98969,0.000001
606.10848,0.000006
606.227272,0.000001
606.346066,-0.000004
606.464862,0.000001
606.58366,-0.000001
606.70246,0.000004
606.821262,0.000006
606.940066,-0.000009
607.058872,-0.000004
607.17768,-0.000006
607.296489,0.000003
607.415301,-0.000003
607.534114,-0.000004
607.65293,-0.000003
607.771747,0.000006
607.890567,-0.000003
608.009388,-0.000004
608.128211,-0.000009
608.247036,-0.000001
608.365863,-0.000015
608.484692,0.000003
608.603523,-0.000012
608.722356,-0.000004
608.841191,0.000001
608.960027,-0.000016
609.078866,-0.000012
609.197706,-0.00001
609.316549,-0.000006
609.435393,-0.000001
609.554239,-0.000003
609.673087,-0.000001
609.791937,-0.000037
609.910789,0.00004
610.029642,-0.000047
610.148498,0.000044
610.267355,-0.000047
610.386215,0.000031
610.505076,-0.00004
610.623939,0.000037
610.742804,-0.000028
610.861671,0.000037
610.98054,-0.000025
611.09941,0.000047
611.218283,-0.000044
611.337157,0.00004
611.456033,-0.000034
611.574911,0.000047
611.693791,-0.00004
611.812672,0.000047
611.931556,-0.00004
612.050441,0.000031
612.169329,-0.000037
612.288218,0.000044
612.407109,-0.00004
612.526001,0.000037
612.644896,-0.00004
612.763792,0.000044
612.882691,-0.00004
613.001591,0.000047
613.120492,-0.000028
613.239396,0.000059
613.358302,-0.000034
613.477209,0.000047
613.596118,-0.00004
613.715029,0.000053
613.833942,-0.000037
613.952856,0.000047
614.071773,-0.00004
614.190691,0.000044
614.309611,-0.00004
614.428533,0.000053
614.547456,-0.00004
614.666382,0.000037
614.785309,-0.000025
614.904238,0.000047
615.023169,-0.000028
615.142101,0.00004
615.261035,-0.00004
615.379971,0.00005
615.498909,-0.00004
615.617849,0.000037
615.73679,-0.000053
615.855733,0.000037
615.974678,-0.000047
616.093625,0.000037
616.212573,-0.00004
616.331524,0.000037
616.450476,-0.000037
616.569429,0.000028
616.688385,-0.00004
616.807342,0.000031
616.926301,-0.00005
617.045262,0.00005
617.164224,-0.00005
617.283188,0.000031
617.402154,-0.000053
617.521122,0.000031
617.640091,-0.000047
617.759062,0.000034
617.878035,-0.000028
617.99701,0.000037
618.115986,-0.000044
618.234964,0.000028
618.353944,-0.000034
618.472925,0.000031
618.591908,-0.00004
618.710893,0.000025
618.82988,-0.000037
618.948868,0.00004
619.067858,-0.00004
619.18685,0.000022
619.305843,-0.00004
619.424838,0.00004
619.543835,-0.000047
619.662833,0.000047
619.781834,-0.000034
619.900835,0.00004
620.019839,-0.00004
620.138844,0.00004
620.257851,-0.000031
620.37686,0.000037
620.49587,-0.000034
620.614882,0.000031
620.733895,-0.000034
620.85291,0.000044
620.971927,-0.000047
621.090946,0.000037
621.209966,-0.000034
621.328988,0.00004
621.448012,-0.00004
621.567037,0.000044
621.686064,-0.000031
621.805092,0.000047
621.924122,-0.000034
622.043154,0.000037
622.162187,-0.000037
622.281222,0.000053
622.400259,-0.000047
622.519297,0.000044
622.638337,-0.000034
622.757379,0.000044
622.876422,-0.000034
622.995467,0.000044
623.114513,-0.000025
623.233561,0.00005
623.352611,-0.00004
623.471662,0.00004
623.590715,-0.000028
623.70977,0.000044
623.828826,-0.000037
623.947884,0.000053
624.066943,-0.000037
624.186004,0.000028
624.305066,-0.000044
624.42413,0.000025
624.543196,-0.00004
624.662263,0.000034
624.781332,-0.000034
624.900403,0.000031
625.019475,-0.000047
625.138548,0.00004
625.257624,-0.000037
625.3767,0.000031
625.495779,-0.00004
625.614859,0.000025
625.73394,-0.000037
625.853023,0.000037
625.972108,-0.000044
626.091194,0.000037
626.210282,-0.000044
626.329371,0.000044
626.448462,-0.00004
626.567554,0.00004
626.686648,-0.000037
626.805743,0.000034
626.92484,-0.000047
627.043939,0.000034
627.163039,-0.000044
627.282141,0.00005
627.401244,-0.000031
627.520349,0.000028
627.639455,-0.00004
627.758563,0.00004
627.877672,-0.000037
627.996783,0.000037
628.115895,-0.00004
628.235009,0.000034
628.354124,-0.000031
628.473241,0.00004
628.59236,-0.000031
628.711479,0.000047
628.830601,-0.00004
628.949724,0.000037
629.068848,-0.000056
629.187974,0.000031
629.307101,-0.00005
629.42623,0.000034
629.545361,-0.000047
629.664492,0.00005
629.783626,-0.000034
629.902761,0.000034
630.021897,-0.000034
630.141035,0.000044
630.260174,-0.00004
630.379315,0.00004
630.498457,-0.000031
630.617601,0.00004
630.736746,-0.000044
630.855892,0.000047
630.97504,-0.000034
631.09419,0.000037
631.213341,-0.000047
631.332493,0.000044
631.451647,-0.000047
631.570803,0.000044
631.689959,-0.000031
631.809118,0.00004
631.928277,-0.000044
632.047438,0.000037
632.166601,-0.00004
632.285765,0.00004
632.40493,-0.000037
632.524097,0.000044
632.643265,-0.000025
632.762435,0.000037
632.881606,-0.000034
633.000779,0.000037
633.119953,-0.000037
633.239128,0.000037
633.358305,-0.000037
633.477483,0.00004
633.596663,-0.00004
633.715844,0.000034
633.835026,-0.000037
633.95421,0.00004
634.073395,-0.000028
634.192582,0.000031
634.31177,-0.000056
634.430959,0.000047
634.55015,-0.00004
634.669342,0.000044
634.788536,-0.00004
634.90773,0.00004
635.026927,-0.000044
635.146124,0.000037
635.265324,-0.00004
635.384524,0.000037
635.503726,-0.000047
635.622929,0.000034
635.742133,-0.000047
635.861339,0.000028
635.980547,-0.000047
636.099755,0.000022
636.218965,-0.00004
636.338177,0.000053
636.457389,-0.000037
636.576603,0.000037
636.695819,-0.00004
636.815035,0.000031
636.934253,-0.000034
637.053473,0.000034
637.172693,-0.00004
637.291916,0.000037
637.411139,-0.00004
637.530364,0.00004
637.64959,-0.00004
637.768817,0.000034
637.888046,-0.000037
638.007276,0.000034
638.126507,-0.000037
638.24574,0.000031
638.364974,-0.000034
638.484209,0.000044
638.603445,-0.000034
638.722683,0.00004
638.841923,-0.000034
638.961163,0.000037
639.080405,-0.000031
639.199648,0.000034
639.318892,-0.000031
639.438138,0.00004
639.557385,-0.000034
639.676633,0.000053
639.795883,-0.000028
639.915133,0.000037
640.034385,-0.000028
640.153639,0.00004
640.272893,0.000016
640.392149,0.000015
640.511406,0.000001
640.630665,0.000009
640.749924,-0.000015
640.869185,-0.000001
640.988448,0.000007
641.107711,0.000012
641.226976,0.000004
641.346242,0.000003
641.465509,0.000001
641.584777,0.000022
641.704047,-0.000003
641.823318,0.000009
641.94259,-0.000003
642.061864,-0.000007
642.181138,-0.000003
642.300414,0.000006
642.419691,0.000001
642.53897,-0.000004
642.658249,-0.000006
642.77753,-0.000007
642.896812,0.000007
643.016095,-0.000001
643.13538,-0.000009
643.254665,0.000009
643.373952,-0.000006
643.49324,0.000003
643.612529,0.000004
643.73182,-0.000001
643.851112,-0.000015
643.970404,-0.000016
644.089698,-0.000012
644.208994,-0.000001
644.32829,0.000004
644.447588,-0.000007
644.566887,-0.000015
644.686187,-0.000007
644.805488,-0.000012
644.92479,-0.000001
645.044094,-0.000003
645.163398,-0.000007
645.282704,0.000001
645.402011,0.000018
645.52132,-0.000009
645.640629,-0.000007
645.75994,-0.000003
645.879251,-0.000004
645.998564,-0.000009
646.117878,-0.000016
646.237193,-0.000003
646.35651,-0.000007
646.475827,0.000007
646.595146,-0.000001
646.714466,-0.000003
646.833787,-0.000001
646.953109,0.000007
647.072432,0.000009
647.191756,0.000007
647.311081,-0.000004
647.430408,0.000007
647.549736,0.000003
647.669065,0.00001
647.788395,0.000003
647.907726,0.000001
648.027058,0.000003
648.146391,0.000001
648.265725,0.000006
648.385061,0.000001
648.504398,-0.000004
648.623735,-0.000003
648.743074,0.000012
648.862414,0.000019
648.981755,-0.000001
649.101097,0.00001
649.22044,-0.000001
649.339785,0.00001
649.45913,0.000003
649.578476,0.000004
649.697824,-0.000001
649.817173,0.000004
649.936522,0.000006
650.055873,0.000007
650.175225,0.000006
650.294578,0.00001
650.413932,0.000015
650.533287,0.000001
650.652643,0.000012
650.772,-0.000012
650.891358,-0.000001
651.010718,-0.000012
651.130078,-0.000001
651.24944,0.000004
651.368802,0.000006
651.488165,0.000004
651.60753,0.000003
651.726896,-0.000009
651.846262,0.000012
651.96563,0.000013
652.084999,0.000006
652.204368,0.000001
652.323739,-0.000007
652.443111,-0.000006
652.562484,-0.000007
652.681857,0.00001
652.801232,-0.00001
652.920608,-0.000003
653.039985,0.000006
653.159363,0.000001
653.278742,0.000003
653.398122,0.000007
653.517502,0.000003
653.636884,-0.000009
653.756267,-0.00001
653.875651,-0.000022
653.995036,-0.000004
654.114422,0.000001
654.233809,0.000012
654.353197,-0.000012
654.472586,-0.000001
654.591975,-0.000006
654.711366,0.000003
654.830758,-0.000003
654.950151,0.000003
655.069545,0.000001
655.188939,0.000009
655.308335,-0.000006
655.427732,0.000009
655.547129,-0.000003
655.666528,-0.000004
655.785927,0.000004
655.905328,-0.000001
656.024729,-0.000003
656.144132,0.000003
656.263535,-0.000009
656.382939,-0.000004
656.502345,-0.000003
656.621751,0.000006
656.741158,0.000004
656.860566,0.000006
656.979975,0.00001
657.099385,0.000018
657.218796,-0.000009
657.338208,0.000003
657.45762,0.000004
657.577034,0.000009
657.696449,0.000007
657.815864,0.000003
657.93528,-0.000012
658.054698,0.000009
658.174116,0.000001
658.293535,0.000012
658.412955,-0.000009
658.532376,0.000012
658.651798,0.000007
658.771221,0.000012
658.890644,-0.000006
659.010069,0.000022
659.129494,0.000001
659.24892,0.000003
659.368348,0.000007
659.487776,-0.000004
659.607205,-0.000003
659.726635,-0.000004
659.846065,0.000001
659.965497,0.000003
660.084929,-0.000003
660.204363,0.000006
660.323797,0.000016
660.443232,-0.00001
660.562668,-0.000009
660.682105,0.000003
660.801542,0.000007
660.920981,-0.00001
661.04042,-0.000003
661.15986,0.000003
661.279301,-0.000009
661.398743,0.000003
661.518186,-0.000012
661.63763,0.000006
661.757074,-0.000012
661.876519,-0.000007
661.995965,0.000001
662.115412,-0.000007
662.23486,-0.000009
662.354309,-0.000013
662.473758,-0.000009
662.593208,-0.000013
662.712659,-0.000006
662.832111,0.000003
662.951564,0.00001
663.071017,-0.000004
663.190471,-0.000006
663.309927,0.000012
663.429382,-0.000012
663.548839,-0.000004
663.668297,0.000004
663.787755,-0.000001
663.907214,0.000004
664.026674,0.000003
664.146135,0.000007
664.265596,-0.000004
664.385058,-0.000006
664.504521,-0.000004
664.623985,0.000004
664.74345,-0.000001
664.862915,0.000007
664.982381,-0.000001
665.101848,0.000013
665.221316,0.000003
665.340784,0.000007
665.460254,0.000006
665.579724,0.000004
665.699194,-0.000001
665.818666,-0.000006
665.938138,-0.000004
666.057611,0.000007
666.177085,0.000006
666.296559,0.000004
666.416034,0.000006
666.53551,0.000004
666.654987,0.000006
666.774465,-0.000003
666.893943,-0.000001
667.013422,0.000004
667.132901,0.000012
667.252382,0.000007
667.371863,0.000009
667.491345,-0.000003
667.610827,-0.000004
667.73031,0.00001
667.849794,0.000006
667.969279,-0.000003
668.088765,0.000009
668.208251,-0.000003
668.327737,-0.000001
668.447225,0.000004
668.566713,0.000006
668.686202,0.000013
668.805692,0.000006
668.925182,-0.000012
669.044673,0.000006
669.164165,-0.000006
669.283657,-0.000004
669.40315,-0.000006
669.522644,-0.000023
669.642138,-0.000003
669.761633,-0.000004
669.881129,-0.000006
670.000626,0.000003
670.120123,0.000004
670.23962,-0.000007
670.359119,-0.000006
670.478618,-0.000007
670.598118,-0.000009
670.717618,-0.000004
670.837119,-0.000044
670.956621,0.000034
671.076123,-0.00004
671.195626,0.000025
671.31513,-0.00004
671.434634,0.000034
671.554139,-0.000028
671.673645,0.00004
671.793151,-0.00004
671.912658,0.000031
672.032165,-0.000037
672.151674,0.000037
672.271182,-0.000037
672.390692,0.000031
672.510202,-0.000037
672.629712,0.000028
672.749223,-0.000047
672.868735,0.000047
672.988248,-0.000037
673.107761,0.00004
673.227274,-0.00004
673.346789,0.000037
673.466304,-0.000034
673.585819,0.000028
673.705335,-0.000034
673.824852,0.000028
673.944369,-0.000047
674.063887,0.000044
674.183405,-0.00004
674.302924,0.000034
674.422444,-0.000031
674.541964,0.000034
674.661485,-0.000037
674.781006,0.000037
674.900528,-0.000037
675.020051,0.000037
675.139574,-0.000031
675.259097,0.000044
675.378621,-0.000031
675.498146,0.000037
675.617671,-0.000031
675.737197,0.000044
675.856724,-0.000034
675.976251,0.000031
676.095778,-0.000031
676.215306,0.00005
676.334835,-0.00004
676.454364,0.000044
676.573894,-0.000037
676.693424,0.00004
676.812955,-0.000044
676.932486,0.000034
677.052018,-0.00004
677.17155,0.000034
677.291083,-0.000037
677.410616,0.000047
677.53015,-0.000037
677.649684,0.000047
677.769219,-0.000034
677.888755,0.00004
678.008291,-0.000037
678.127827,0.000034
678.247364,-0.00005
678.366902,0.000028
678.48644,-0.000034
678.605978,0.00004
678.725517,-0.000056
678.845056,0.000022
678.964596,-0.000047
679.084137,0.000044
679.203678,-0.00004
679.323219,0.00005
679.442761,-0.000044
679.562303,0.000028
679.681846,-0.00004
679.80139,0.000037
679.920933,-0.00004
680.040478,0.000037
680.160022,-0.000044
680.279567,0.000037
680.399113,-0.00005
680.518659,0.000034
680.638206,-0.00004
680.757753,0.00004
680.8773,-0.000034
680.996848,0.000037
681.116397,-0.000044
681.235945,0.000037
681.355495,-0.00004
681.475044,0.000037
681.594594,-0.000034
681.714145,0.000037
681.833696,-0.000028
681.953247,0.000037
682.072799,-0.000031
682.192352,0.000047
682.311904,-0.000037
682.431457,0.00005
682.551011,-0.000034
682.670565,0.00004
682.790119,-0.000044
682.909674,0.00004
683.029229,-0.000034
683.148785,0.00005
683.268341,-0.000031
683.387897,0.000044
683.507454,-0.000037
683.627011,0.000053
683.746569,-0.000037
683.866127,0.000044
683.985685,-0.000034
684.105244,0.000037
684.224803,-0.000037
684.344363,0.000053
684.463922,-0.000034
684.583483,0.000044
684.703043,-0.000044
684.822604,0.00005
684.942166,-0.000037
685.061728,0.000044
685.18129,-0.000037
685.300852,0.000056
685.420415,-0.000037
685.539978,0.000034
685.659542,-0.000044
685.779106,0.000037
685.89867,-0.000025
686.018235,0.00005
686.1378,-0.00005
686.257365,0.00004
686.376931,-0.000034
686.496497,0.000037
686.616063,-0.000034
686.73563,0.000034
686.855197,-0.000034
686.974764,0.000044
687.094332,-0.00004
687.2139,0.00004
687.333468,-0.000047
687.453036,0.000037
687.572605,-0.000047
687.692175,0.00005
687.811744,-0.000034
687.931314,0.000044
688.050884,-0.000028
688.170455,0.00004
688.290025,-0.000047
688.409597,0.000037
688.529168,-0.000053
688.64874,0.00004
688.768312,-0.00004
688.887884,0.000034
689.007456,-0.000044
689.127029,0.00004
689.246602,-0.000034
689.366176,0.000037
689.485749,-0.000034
689.605323,0.000044
689.724898,-0.000047
689.844472,0.00004
689.964047,-0.000047
690.083622,0.000034
690.203197,-0.000047
690.322773,0.00004
690.442348,-0.00004
690.561925,0.000037
690.681501,-0.000025
690.801077,0.000034
690.920654,-0.00004
691.040231,0.000037
691.159809,-0.000037
691.279386,0.00005
691.398964,-0.00004
691.518542,0.000044
691.63812,-0.000025
691.757699,0.000047
691.877277,-0.000018
691.996856,0.000053
692.116436,-0.00004
692.236015,0.000025
692.355595,-0.000031
692.475175,0.000047
692.594755,-0.000037
692.714335,0.000044
692.833915,-0.000031
692.953496,0.000031
693.073077,-0.000034
693.192658,0.000044
693.312239,-0.000031
693.431821,0.000034
693.551402,-0.000044
693.670984,0.000037
693.790566,-0.000034
693.910149,0.000044
694.029731,-0.00004
694.149314,0.000034
694.268897,-0.000044
694.38848,0.000037
694.508063,-0.000037
694.627646,0.00004
694.74723,-0.00004
694.866813,0.000056
694.986397,-0.000034
695.105981,0.00004
695.225565,-0.000034
695.34515,0.000034
695.464734,-0.000034
695.584319,0.000028
695.703904,-0.000037
695.823489,0.000037
695.943074,-0.000047
696.062659,0.000044
696.182245,-0.000053
696.30183,0.000025
696.421416,-0.00005
696.541002,0.00004
696.660588,-0.00004
696.780174,0.000037
696.89976,-0.000037
697.019346,0.000025
697.138933,-0.000037
697.258519,0.000031
697.378106,-0.000044
697.497693,0.000028
697.61728,-0.000047
697.736867,0.000034
697.856454,-0.00005
697.976041,0.000034
698.095628,-0.000044
698.215216,0.000028
698.334803,-0.000044
698.454391,0.000037
698.573979,-0.000056
698.693567,0.000034
698.813155,-0.000034
698.932743,0.000047
699.052331,-0.000044
699.171919,0.000028
699.291507,-0.000047
699.411096,0.000037
699.530684,-0.000044
699.650273,0.000047
699.769861,-0.000037
699.88945,0.000047
700.009038,-0.000044
700.128627,0.000044
700.248216,-0.00004
700.367805,0.000053
700.487394,-0.000047
700.606983,0.000037
700.726572,-0.000047
700.846161,0.000044
700.96575,-0.00004
701.085339,0.000034
701.204929,-0.000025
701.324518,0.000047
701.444107,0.000001
701.563696,0.000015
701.683286,0.000004
701.802875,0.000015
701.922465,0.00001
702.042054,-0.000001
702.161644,0.000013
702.281233,0.000006
702.400823,0.000004
702.520412,-0.000007
702.640002,0.000004
702.759591,-0.000001
702.879181,0.000004
702.99877,0.000009
703.11836,-0.000003
703.237949,-0.00001
703.357539,-0.000006
703.477129,0.000003
703.596718,0.000001
703.716308,0.000003
703.835897,-0.000006
703.955487,-0.000001
704.075076,0.000001
704.194666,0.000018
704.314255,0.00001
704.433845,-0.00001
704.553434,-0.000009
704.673023,-0.000004
704.792613,-0.000006
704.912202,-0.000013
705.031791,0.000004
705.151381,0.000003
705.27097,0.000007
705.390559,-0.00001
705.510148,-0.000009
705.629737,0.000003
705.749326,0.000004
705.868915,-0.000016
705.988504,-0.000006
706.108093,-0.000004
706.227682,-0.000006
706.34727,-0.00001
706.466859,-0.000006
706.586448,-0.000007
706.706036,-0.000006
706.825625,-0.00001
706.945213,0.000004
707.064801,-0.000013
707.18439,-0.000006
707.303978,-0.000007
707.423566,-0.000006
707.543154,-0.000007
707.662742,-0.000003
707.78233,-0.000016
707.901917,-0.000003
708.021505,0.000006
708.141092,0.000004
708.26068,-0.00001
708.380267,-0.000006
708.499854,-0.00001
708.619441,0.000001
708.739028,-0.000001
708.858615,0.000007
708.978202,0.000003
709.097789,-0.000006
709.217375,0.000009
709.336962,-0.000006
709.456548,0.000009
709.576134,0.000001
709.69572,0.000012
709.815306,-0.000009
709.934892,-0.000001
710.054477,-0.000018
710.174063,0.000003
710.293648,0.000004
710.413233,0.000006
710.532818,0.000007
710.652403,0.000009
710.771988,0.000004
710.891572,0.000009
711.011157,-0.000009
711.130741,0.000009
711.250325,0.000007
711.369909,0.000009
711.489493,-0.000003
711.609077,0.000003
711.72866,0.000007
711.848243,-0.000004
711.967826,0.000001
712.087409,-0.000001
712.206992,-0.000006
712.326575,-0.000001
712.446157,0.000007
712.565739,0.000009
712.685321,0.000001
712.804903,-0.00001
712.924484,0.000004
713.044066,-0.000001
713.163647,-0.000003
713.283228,-0.000007
713.402809,-0.000003
713.522389,-0.000001
713.64197,0.000004
713.76155,-0.000007
713.88113,-0.000003
714.00071,-0.000001
714.120289,-0.000003
714.239868,-0.00001
714.359447,0.000007
714.479026,0.000003
714.598605,0.000001
714.718183,0.000015
714.837761,0.000007
714.957339,0.000006
715.076917,-0.000006
715.196494,0.000003
715.316072,-0.000022
715.435649,0.000015
715.555225,-0.000003
715.674802,-0.000013
715.794378,-0.000006
715.913954,-0.000004
716.03353,0.000004
716.153105,-0.000004
716.27268,-0.000022
716.392255,-0.000007
716.51183,-0.000003
716.631404,-0.00001
716.750978,-0.000015
716.870552,-0.000004
716.990125,0.000001
717.109699,-0.000004
717.229272,-0.000012
717.348844,-0.000004
717.468417,0.000001
717.587989,-0.000007
717.707561,0.00001
717.827132,0.000003
717.946703,0.000007
718.066274,0.000003
718.185845,0.00001
718.305415,-0.00001
718.424985,0.000013
718.544555,0.000003
718.664124,0.000001
718.783693,0.000015
718.903262,0.000001
719.022831,0.000015
719.142399,0.000007
719.261967,0.000012
719.381534,-0.000003
719.501101,0.000015
719.620668,0.000007
719.740235,0.000006
719.859801,0.000004
719.979367,0.000003
720.098932,0.00001
720.218497,0.000003
720.338062,0.000001
720.457626,-0.000004
720.577191,0.000001
720.696754,0.000006
720.816318,0.000007
720.935881,-0.000007
721.055443,0.000001
721.175006,0.000003
721.294568,0.000007
721.414129,0.000003
721.53369,0.00001
721.653251,0.000009
721.772812,0.000013
721.892372,-0.000001
722.011932,0.000001
722.131491,-0.00001
722.25105,0.00001
722.370608,0.000006
722.490167,0.000001
722.609724,-0.000004
722.729282,0.000001
722.848839,0.000003
722.968395,-0.000006
723.087952,0.000009
723.207507,-0.000009
723.327063,0.000006
723.446618,0.000004
723.566172,-0.00001
723.685726,0.000004
723.80528,0.000006
723.924833,-0.000003
724.044386,-0.000004
724.163939,-0.000006
724.283491,0.000003
724.403043,0.000007
724.522594,0.000006
724.642145,-0.000003
724.761695,-0.00001
724.881245,-0.000006
725.000794,-0.000001
725.120343,-0.000012
725.239892,-0.000001
725.35944,-0.000009
725.478988,-0.000013
725.598535,-0.000006
725.718082,-0.00001
725.837628,-0.000003
725.957174,-0.000004
726.076719,-0.000012
726.196264,0.000003
726.315809,0.000004
726.435353,-0.000001
726.554896,-0.000006
726.674439,-0.000004
726.793982,0.000007
726.913524,-0.000001
727.033066,-0.000009
727.152607,0.000006
727.272148,0.000001
727.391688,-0.000004
727.511227,-0.000003
727.630767,0.000009
727.750305,-0.000009
727.869844,0.000009
727.989381,0.000007
728.108918,0.000006
728.228455,-0.000009
728.347991,-0.000004
728.467527,-0.000009
728.587062,0.000009
728.706597,0.000004
728.826131,-0.000004
728.945665,0.00001
729.065198,-0.000001
729.18473,-0.000009
729.304262,0.000003
729.423794,0.00001
729.543325,-0.000004
729.662855,0.000007
729.782385,0.000015
729.901915,0.000004
730.021444,-0.000001
730.140972,-0.000003
730.2605,0.000003
730.380027,0.000004
730.499554,0.000009
730.61908,-0.000006
730.738605,0.000012
730.85813,-0.000009
730.977655,0.000009
731.097179,0.000007
731.216702,0.000015
731.336225,0.000004
731.455747,0.000006
731.575268,-0.000012
731.69479,-0.00001
731.81431,-0.000006
731.93383,-0.000004
732.053349,-0.000047
732.172868,0.000044
732.292386,-0.00004
732.411904,0.000034
732.531421,-0.000037
732.650937,0.000037
732.770453,-0.000044
732.889968,0.000031
733.009482,-0.00004
733.128996,0.000047
733.24851,-0.00005
733.368022,0.00004
733.487535,-0.000044
733.607046,0.000037
733.726557,-0.000044
733.846067,0.000037
733.965577,-0.000044
734.085086,0.000047
734.204594,-0.000044
734.324102,0.000056
734.443609,-0.00004
734.563116,0.00004
734.682622,-0.000037
734.802127,0.000028
734.921632,-0.00004
735.041136,0.000044
735.160639,-0.000053
735.280142,0.000034
735.399644,-0.000037
735.519145,0.000025
735.638646,-0.00004
735.758146,0.00004
735.877645,-0.000047
735.997144,0.000053
736.116642,-0.000034
736.23614,0.000044
736.355637,-0.000047
736.475133,0.000053
736.594628,-0.000034
736.714123,0.000047
736.833617,-0.000034
736.95311,0.000031
737.072603,-0.00004
737.192095,0.000047
737.311586,-0.000028
737.431077,0.000047
737.550567,-0.00004
737.670056,0.00004
737.789545,-0.00004
737.909033,0.00004
738.02852,-0.000044
738.148006,0.000047
738.267492,-0.000034
738.386977,0.00004
738.506461,-0.000047
738.625945,0.000034
738.745428,-0.000047
738.86491,0.000044
738.984391,-0.000037
739.103872,0.000047
739.223352,-0.000047
739.342831,0.000025
739.46231,-0.000037
739.581788,0.00004
739.701265,-0.000034
739.820741,0.000034
739.940217,-0.000028
740.059692,0.000037
740.179166,-0.000044
740.298639,0.00004
740.418112,-0.000047
740.537584,0.000031
740.657055,-0.00004
740.776525,0.000037
740.895995,-0.000047
741.015464,0.000022
741.134932,-0.000044
741.254399,0.000047
741.373865,-0.000047
741.493331,0.000044
741.612796,-0.00004
741.73226,0.000044
741.851724,-0.000047
741.971186,0.000034
742.090648,-0.000047
742.210109,0.000044
742.32957,-0.000037
742.449029,0.000034
742.568488,-0.000047
742.687946,0.000025
742.807403,-0.00004
742.926859,0.000037
743.046315,-0.00004
743.165769,0.000034
743.285223,-0.000034
743.404676,0.00004