321.87335,0.000002
321.979715,-0.000003
322.086088,-0.000001
322.192469,-0.000003
322.298858,-0.000001
322.405255,-0.000003
322.51166,-0.000001
322.618073,0.000004
322.724494,0.000005
322.830923,-0.000006
322.93736,-0.000011
323.043805,0.00001
323.150258,-0.000017
323.256719,0.000004
323.363188,0.000005
323.469665,0.000013
323.576149,0.000008
323.682642,-0.000009
323.789143,0.000002
323.895651,-0.000006
324.002168,-0.000007
324.108692,-0.000003
324.215225,-0.000001
324.321765,-0.000003
324.428313,-0.000004
324.534869,-0.000006
324.641434,-0.000007
324.748006,-0.000006
324.854586,-0.000017
324.961174,-0.000009
325.06777,-0.000001
325.174373,0.000001
325.280985,0.000008
325.387605,-0.000003
325.494232,-0.000004
325.600868,-0.000009
325.707511,-0.000014
325.814162,0.000001
325.920821,-0.000007
326.027488,-0.000003
326.134163,0.000002
326.240846,-0.000006
326.347537,-0.000004
326.454236,-0.000009
326.560942,-0.000004
326.667656,0.000004
326.774379,0.000008
326.881109,-0.000009
326.987847,-0.000004
327.094593,-0.000009
327.201347,-0.000014
327.308108,-0.000009
327.414878,-0.000014
327.521655,-0.000003
327.628441,0.000005
327.735234,0.000007
327.842035,0.000002
327.948844,0.000004
328.05566,0.000002
328.162485,0.000007
328.269317,-0.000011
328.376158,0.000007
328.483006,-0.000011
328.589862,-0.000009
328.696725,0.000002
328.803597,-0.000003
328.910476,0.000005
329.017364,0.000004
329.124259,-0.000001
329.231162,-0.000012
329.338073,0.000005
329.444991,-0.000006
329.551918,0.000002
329.658852,0.000001
329.765794,-0.000004
329.872744,0.000013
329.979701,-0.000023
330.086667,-0.000009
330.19364,0.000008
330.300621,-0.000006
330.40761,-0.000007
330.514607,-0.000012
330.621611,-0.000011
330.728624,-0.000009
330.835644,-0.000001
330.942672,-0.000009
331.049707,-0.000014
331.156751,-0.000009
331.263802,-0.000011
331.370861,-0.000003
331.477928,-0.000017
331.585002,-0.000003
331.692085,-0.000004
331.799175,-0.000012
331.906273,-0.000011
332.013378,-0.000003
332.120492,-0.000011
332.227613,-0.000015
332.334742,-0.000001
332.441879,-0.000022
332.549023,-0.000007
332.656175,-0.000003
332.763335,-0.000004
332.870503,-0.000009
332.977678,-0.000023
333.084861,-0.000066
333.192052,-0.000048
333.299251,-0.000063
333.406457,0.00342
333.513671,0.005922
333.620893,0.002581
333.728123,0.002854
333.83536,0.002976
333.942605,0.002189
334.049858,0.000715
334.157118,-0.000044
334.264386,0.000053
334.371662,-0.000069
334.478946,-0.000058
334.586237,-0.000059
334.693536,-0.000039
334.800843,-0.000047
334.908157,-0.000011
335.015479,-0.000015
335.122809,-0.000011
335.230146,0.000004
335.337492,-0.000007
335.444844,-0.000012
335.552205,-0.000004
335.659573,-0.000003
335.766949,0.000002
335.874333,0.000007
335.981724,0.000002
336.089123,0.000001
336.19653,-0.000011
336.303944,-0.000003
336.411366,-0.000007
336.518795,0.000001
336.626233,-0.000004
336.733678,-0.000006
336.84113,-0.000001
336.94859,0.000001
337.056058,0.000002
337.163534,-0.000006
337.271017,0.000015
337.378508,-0.000003
337.486006,-0.000011
337.593512,-0.000003
337.701026,0.000005
337.808548,0.000001
337.916077,-0.000001
338.023613,-0.000006
338.131158,-0.000011
338.238709,-0.000006
338.346269,-0.000007
338.453836,-0.000012
338.561411,-0.000014
338.668993,-0.000022
338.776583,0.000002
338.884181,-0.000006
338.991786,-0.000007
339.099399,-0.000006
339.207019,-0.000007
339.314647,-0.000015
339.422283,-0.000007
339.529926,-0.000009
339.637577,-0.000001
339.745235,-0.000012
339.852901,-0.000014
339.960575,0.00001
340.068256,-0.000001
340.175945,0.000004
340.283641,-0.000011
340.391345,-0.000012
340.499057,-0.000001
340.606776,0.000001
340.714502,0.000005
340.822236,-0.000015
340.929978,0.000005
341.037727,-0.000015
341.145484,-0.000011
341.253249,0.000004
341.361021,0.000002
341.4688,-0.000022
341.576587,0.000002
341.684382,-0.000018
341.792184,0.000008
341.899994,-0.000009
342.007811,-0.000001
342.115636,-0.000006
342.223468,0.000008
342.331308,-0.000003
342.439156,0.000002
342.547011,-0.000003
342.654873,-0.000007
342.762743,-0.000003
342.870621,-0.00002
342.978506,-0.000012
343.086398,-0.000004
343.194298,-0.000006
343.302206,-0.000007
343.410121,-0.000003
343.518044,-0.000001
343.625974,-0.000018
343.733911,-0.000001
343.841856,-0.000012
343.949809,-0.000004
344.057769,-0.000003
344.165737,-0.000004
344.273712,-0.000003
344.381694,0.000002
344.489684,-0.000025
344.597682,-0.000001
344.705687,0.000001
344.813699,-0.000007
344.921719,-0.000006
345.029747,-0.000001
345.137782,0.000001
345.245824,-0.000014
345.353874,-0.000012
345.461931,-0.000007
345.569996,-0.000009
345.678068,-0.000001
345.786148,0.000001
345.894235,-0.000001
346.00233,-0.000018
346.110432,-0.000017
346.218541,-0.000003
346.326658,-0.000001
346.434782,-0.000003
346.542914,-0.000011
346.651053,-0.000003
346.7592,-0.000017
346.867354,-0.000009
346.975516,0.000005
347.083685,0.000004
347.191861,-0.000014
347.300045,-0.000015
347.408236,-0.000017
347.516435,-0.000012
347.624641,-0.000001
347.732854,-0.000003
347.841075,-0.000017
347.949304,-0.000015
348.057539,-0.000001
348.165782,-0.000003
348.274033,-0.000014
348.382291,-0.000015
348.490556,-0.000001
348.598829,-0.000012
348.707109,-0.000001
348.815396,-0.000003
348.923691,0.000005
349.031994,-0.000015
349.140303,-0.000011
349.24862,-0.000003
349.356945,-0.000001
349.465276,-0.000003
349.573615,-0.000001
349.681962,-0.000009
349.790316,-0.000007
349.898677,-0.000006
350.007046,-0.000004
350.115422,-0.000022
350.223805,-0.000004
350.332196,-0.000003
350.440594,0.000005
350.548999,-0.000009
350.657412,0.000002
350.765832,-0.000003
350.874259,-0.000001
350.982694,-0.000012
351.091136,-0.000023
351.199585,-0.000015
351.308042,-0.000011
351.416506,-0.000012
351.524978,-0.000007
351.633456,0.000001
351.741943,0.000005
351.850436,-0.000006
351.958937,-0.000014
352.067445,-0.000003
352.17596,-0.000004
352.284483,-0.000015
352.393013,-0.000007
352.50155,0.000004
352.610094,0.000008
352.718646,-0.000006
352.827205,0.000005
352.935772,-0.000006
353.044346,-0.000011
353.152927,-0.000015
353.261515,-0.000004
353.370111,-0.000015
353.478714,-0.000011
353.587324,-0.000009
353.695941,-0.000011
353.804566,-0.000022
353.913198,-0.000014
354.021837,-0.000009
354.130484,-0.000007
354.239138,-0.000006
354.347799,-0.000001
354.456467,-0.000003
354.565143,-0.000001
354.673826,-0.000012
354.782516,0.000005
354.891213,-0.000009
354.999918,-0.000011
355.10863,-0.000015
355.217349,0.000005
355.326075,-0.000003
355.434809,-0.000007
355.54355,-0.000012
355.652298,-0.000001
355.761053,-0.000012
355.869816,-0.000007
355.978586,-0.000003
356.087363,-0.000017
356.196147,-0.000009
356.304939,-0.000001
356.413737,-0.000015
356.522543,-0.000007
356.631356,-0.000006
356.740177,-0.000007
356.849004,-0.000022
356.957839,-0.000011
357.066681,-0.000012
357.17553,-0.000007
357.284386,-0.000003
357.39325,-0.000014
357.502121,-0.000025
357.610999,-0.000014
357.719884,-0.000003
357.828776,-0.000023
357.937676,-0.000009
358.046582,-0.000011
358.155496,-0.000009
358.264417,-0.000014
358.373346,-0.000018
358.482281,-0.000017
358.591224,-0.000015
358.700173,-0.00002
358.80913,-0.000018
358.918094,-0.000026
359.027066,-0.000018
359.136044,-0.000023
359.24503,-0.000022
359.354022,-0.000017
359.463022,-0.000012
359.572029,-0.000033
359.681043,-0.000028
359.790065,-0.000029
359.899093,-0.000037
360.008129,-0.000033
360.117172,-0.000028
360.226221,-0.000014
360.335278,-0.000018
360.444343,-0.000029
360.553414,-0.000031
360.662492,-0.000042
360.771578,-0.000028
360.88067,-0.000036
360.98977,-0.000037
361.098877,-0.000029
361.207991,-0.000037
361.317112,-0.000042
361.42624,-0.00004
361.535376,-0.000039
361.644518,-0.000044
361.753667,-0.000045
361.862824,-0.000047
361.971988,-0.000055
362.081159,-0.00005
362.190336,-0.000048
362.299521,-0.000056
362.408713,-0.000048
362.517913,-0.000037
362.627119,-0.000058
362.736332,-0.00005
362.845553,-0.000052
362.95478,-0.000053
363.064015,-0.000045
363.173256,-0.000053
363.282505,-0.000055
363.391761,-0.000063
363.501023,-0.000064
363.610293,-0.000056
363.71957,0.00184
363.828854,0.007354
363.938145,0.020996
364.047443,0.073994
364.156748,0.226511
364.266061,0.383998
364.37538,0.367132
364.484706,0.318877
364.594039,0.332273
364.70338,0.347409
364.812727,0.317428
364.922082,0.26879
365.031443,0.229093
365.140811,0.181313
365.250187,0.149329
365.359569,0.14411
365.468959,0.15999
365.578355,0.174802
365.687759,0.145612
365.79717,0.113459
365.906587,0.094829
366.016012,0.070154
366.125443,0.053525
366.234882,0.041111
366.344328,0.032247
366.45378,0.023964
366.56324,0.021305
366.672706,0.019137
366.78218,0.010256
366.89166,0.004645
367.001148,0.00039
367.110642,-0.000056
367.220144,-0.000042
367.329652,-0.000053
367.439168,-0.000033
367.54869,-0.000028
367.65822,-0.000033
367.767756,-0.000025
367.877299,-0.000029
367.98685,-0.000015
368.096407,-0.000017
368.205971,-0.000022
368.315542,-0.000017
368.425121,-0.000034
368.534706,-0.000014
368.644298,-0.000022
368.753897,-0.000007
368.863503,-0.000018
368.973115,-0.000014
369.082735,-0.000006
369.192362,-0.000017
369.301996,-0.000009
369.411636,-0.000007
369.521284,-0.000006
369.630938,-0.000023
369.7406,-0.000034
369.850268,-0.000029
369.959943,-0.000028
370.069625,-0.00002
370.179315,-0.000031
370.289011,-0.000011
370.398713,-0.000018
370.508423,-0.000023
370.61814,-0.000022
370.727864,0.000002
370.837594,-0.000009
370.947331,-0.000007
371.057076,0.000001
371.166827,-0.00002
371.276585,-0.000003
371.38635,-0.000011
371.496122,-0.000003
371.605901,-0.000007
371.715686,-0.000009
371.825479,0.000005
371.935278,-0.000006
372.045085,-0.000014
372.154898,-0.000015
372.264718,-0.000007
372.374545,-0.000015
372.484378,0.000002
372.594219,-0.000003
372.704066,-0.000004
372.813921,-0.000006
372.923782,-0.000001
373.03365,0.000007
373.143525,-0.000014
373.253407,-0.000009
373.363295,-0.000001
373.47319,0.000001
373.583093,-0.000004
373.693002,-0.000009
373.802918,-0.000014
373.912841,0.000007
374.02277,0.000005
374.132707,0.000001
374.24265,-0.000007
374.3526,0.000007
374.462557,-0.000011
374.572521,-0.000006
374.682491,-0.000007
374.792468,-0.000006
374.902453,-0.000007
375.012444,0.000007
375.122441,0.000002
375.232446,-0.000012
375.342457,-0.000011
375.452475,-0.000015
375.5625,-0.000001
375.672532,-0.000015
375.782571,-0.000014
375.892616,0.000013
376.002668,-0.000011
376.112727,0.000001
376.222793,-0.000001
376.332865,-0.000006
376.442945,-0.000014
376.553031,0.000001
376.663124,-0.00002
376.773223,-0.000009
376.883329,-0.000001
376.993443,-0.000022
377.103562,0.000002
377.213689,-0.000009
377.323823,-0.000011
377.433963,-0.000034
377.54411,-0.000011
377.654263,0.000001
377.764424,-0.000011
377.874591,-0.000003
377.984765,-0.000007
378.094945,-0.000012
378.205133,-0.000007
378.315327,-0.000015
378.425528,-0.000014
378.535735,-0.000053
378.64595,-0.000026
378.756171,-0.000022
378.866399,-0.000014
378.976633,-0.000015
379.086874,-0.000011
379.197122,-0.000015
379.307377,-0.000017
379.417638,-0.000025
379.527906,-0.000011
379.638181,-0.000015
379.748463,-0.000004
379.858751,-0.000003
379.969046,-0.000014
380.079347,-0.000009
380.189655,0.000005
380.29997,-0.000003
380.410292,-0.000001
380.520621,-0.000003
380.630956,-0.000001
380.741297,0.000001
380.851646,-0.000014
380.962001,-0.000018
381.072363,-0.000001
381.182731,-0.000006
381.293106,-0.00002
381.403488,-0.000022
381.513876,-0.000004
381.624271,-0.000022
381.734673,-0.000007
381.845082,-0.000006
381.955497,-0.000001
382.065918,0.000004
382.176347,-0.000017
382.286782,-0.000012
382.397224,-0.000004
382.507672,-0.000009
382.618127,-0.00002
382.728589,-0.000003
382.839057,-0.000004
382.949532,-0.000006
383.060013,-0.000011
383.170501,-0.000018
383.280996,-0.000004
383.391498,-0.000009
383.502006,-0.000004
383.61252,-0.000018
383.723042,-0.000001
383.833569,-0.000003
383.944104,-0.000017
384.054645,-0.000006
384.165193,-0.000001
384.275747,-0.000018
384.386308,-0.000017
384.496876,-0.000012
384.60745,-0.000011
384.71803,-0.000012
384.828618,-0.000014
384.939212,-0.000006
385.049812,-0.000004
385.160419,-0.000015
385.271033,-0.000001
385.381653,-0.000022
385.49228,-0.000023
385.602914,-0.000022
385.713554,-0.000011
385.8242,-0.000012
385.934853,-0.00002
386.045513,-0.000012
386.156179,-0.000007
386.266852,-0.000012
386.377531,-0.00002
386.488217,-0.000018
386.59891,-0.000014
386.709609,-0.000012
386.820315,-0.000004
386.931027,-0.000015
387.041746,-0.00002
387.152471,0.000001
387.263203,-0.000011
387.373941,-0.000006
387.484686,-0.000017
387.595437,0.000004
387.706195,-0.000007
387.81696,0.000004
387.927731,-0.000014
388.038508,-0.000012
388.149292,0.000005
388.260083,-0.000012
388.37088,-0.000017
388.481683,-0.000006
388.592493,-0.000007
388.70331,-0.000009
388.814133,-0.000017
388.924963,-0.000009
389.035799,-0.000001
389.146642,-0.000022
389.257491,-0.000001
389.368346,-0.000012
389.479208,-0.000011
389.590077,-0.000025
389.700952,-0.000033
389.811834,-0.000022
389.922722,-0.000048
390.033616,-0.000072
390.144517,-0.000058
390.255425,-0.000053
390.366339,-0.000045
390.477259,-0.000037
390.588186,-0.000033
390.69912,-0.000018
390.810059,-0.000033
390.921006,-0.000012
391.031959,-0.000026
391.142918,-0.000009
391.253883,-0.000004
391.364856,0.000001
391.475834,-0.000017
391.586819,-0.000003
391.697811,0.000005
391.808809,-0.000022
391.919813,-0.000007
392.030824,-0.000006
392.141841,-0.000007
392.252865,-0.000003
392.363895,-0.000017
392.474931,-0.000012
392.585974,-0.000004
392.697023,-0.000006
392.808079,-0.000023
392.919141,-0.000009
393.03021,-0.000014
393.141285,-0.000018
393.252367,-0.000017
393.363454,-0.000012
393.474549,-0.000001
393.585649,-0.000012
393.696756,-0.000004
393.80787,0.000001
393.91899,0.000002
394.030116,-0.000018
394.141249,-0.000004
394.252388,0.000001
394.363533,-0.000014
394.474685,-0.000003
394.585843,-0.000007
394.697008,-0.000022
394.808179,0.000015
394.919356,0.000007
395.03054,-0.000001
395.14173,0.000004
395.252926,-0.000011
395.364129,-0.000003
395.475338,-0.000004
395.586553,0.000004
395.697775,-0.000014
395.809004,0.000001
395.920238,-0.00002
396.031479,0.000001
396.142726,0.000002
396.25398,-0.000012
396.36524,0.000005
396.476506,-0.000006
396.587779,0.000002
396.699058,0.000004
396.810343,-0.000004
396.921635,0.000001
397.032933,-0.000004
397.144237,-0.000003
397.255548,-0.000017
397.366865,-0.000018
397.478188,0.000005
397.589518,-0.000022
397.700854,-0.000007
397.812196,-0.000031
397.923544,-0.000023
398.034899,-0.000015
398.14626,-0.00002
398.257628,-0.000018
398.369001,-0.000014
398.480381,-0.000015
398.591768,-0.000014
398.70316,-0.000015
398.814559,-0.000014
398.925964,-0.000028
399.037376,-0.000014
399.148794,-0.000031
399.260218,-0.000017
399.371648,-0.000012
399.483085,-0.000023
399.594528,-0.000009
399.705977,-0.000014
399.817432,-0.000028
399.928894,-0.000011
400.040362,-0.000006
400.151836,-0.000014
400.263316,-0.000028
400.374803,-0.000029
400.486296,-0.000018
400.597795,-0.00002
400.709301,-0.000022
400.820813,-0.000033
400.932331,-0.000018
401.043855,-0.000023
401.155385,-0.000018
401.266922,-0.000026
401.378465,-0.000031
401.490014,-0.000026
401.601569,-0.000031
401.713131,-0.000023
401.824699,-0.000018
401.936273,-0.000026
402.047853,-0.000034
402.15944,-0.000042
402.271032,-0.000025
402.382631,-0.00002
402.494236,-0.00004
402.605848,-0.000023
402.717465,-0.00004
402.829089,-0.000033
402.940719,-0.00004
403.052355,-0.000045
403.163998,-0.00005
403.275646,-0.000055
403.387301,-0.000053
403.498962,-0.000052
403.610629,-0.000069
403.722302,0.006
403.833982,0.020083
403.945667,0.255647
404.057359,0.603126
404.169057,0.454171
404.280761,0.253311
404.392472,0.181622
404.504188,0.141619
404.615911,0.10677
404.72764,0.07641
404.839375,0.060907
404.951116,0.051024
405.062863,0.038068
405.174617,0.023999
405.286376,0.017657
405.398142,0.008189
405.509914,0.003549
405.621692,0.000373
405.733476,-0.000052
405.845266,-0.00005
405.957063,-0.000033
406.068865,-0.000028
406.180674,-0.000029
406.292489,-0.000018
406.40431,-0.000023
406.516137,-0.000018
406.62797,-0.000017
406.73981,-0.000012
406.851655,-0.000029
406.963507,-0.00005
407.075364,0.019912
407.187228,0.048498
407.299098,0.042126
407.410974,0.023337
407.522856,0.014438
407.634744,0.009274
407.746639,0.003647
407.858539,0.00089
407.970446,0.000084
408.082358,-0.000066
408.194277,-0.000061
408.306202,-0.000056
408.418133,-0.000045
408.530069,-0.000031
408.642012,-0.000029
408.753962,-0.000028
408.865917,-0.000001
408.977878,-0.000012
409.089845,-0.000023
409.201819,-0.000028
409.313798,-0.000017
409.425783,-0.000012
409.537775,-0.000017
409.649773,-0.000003
409.761776,-0.000007
409.873786,-0.000015
409.985802,-0.000011
410.097823,-0.000018
410.209851,-0.000029
410.321885,-0.000025
410.433925,-0.000023
410.545971,-0.000012
410.658023,-0.000017
410.770081,-0.000012
410.882145,-0.000023
410.994215,-0.000006
411.106291,-0.000014
411.218373,-0.000003
411.330461,-0.000001
411.442556,-0.000003
411.554656,-0.000007
411.666762,0.000004
411.778874,-0.00002
411.890992,-0.000006
412.003117,-0.000004
412.115247,-0.000012
412.227383,-0.000017
412.339525,-0.000006
412.451673,-0.000004
412.563828,0.000004
412.675988,-0.000017
412.788154,-0.000003
412.900326,-0.000004
413.012504,-0.000012
413.124688,0.000002
413.236879,0.000001
413.349075,0.000005
413.461277,-0.000006
413.573485,0.000008
413.685699,-0.000009
413.797919,-0.000001
413.910145,-0.000003
414.022376,0.000005
414.134614,-0.000009
414.246858,0.000002
414.359108,-0.000006
414.471364,0.000002
414.583625,-0.000003
414.695893,-0.000001
414.808166,-0.000003
414.920446,-0.000001
415.032731,-0.000003
415.145023,0.000005
415.25732,-0.000003
415.369623,-0.000007
415.481932,-0.000009
415.594248,-0.000007
415.706569,-0.000006
415.818896,0.000008
415.931228,-0.000015
416.043567,0.000005
416.155912,-0.000012
416.268263,0.000005
416.380619,-0.000012
416.492982,-0.000011
416.60535,-0.000003
416.717724,0.000002
416.830104,0.000007
416.94249,-0.000004
417.054882,-0.000012
417.16728,0.000005
417.279684,-0.000012
417.392093,-0.000004
417.504509,-0.000018
417.61693,-0.000007
417.729358,-0.000003
417.841791,-0.000007
417.95423,-0.000009
418.066675,-0.000011
418.179126,0.000007
418.291582,0.000008
418.404045,-0.000006
418.516513,-0.000017
418.628987,-0.000012
418.741467,-0.000007
418.853953,-0.000022
418.966445,-0.000001
419.078943,-0.000003
419.191446,0.000002
419.303956,0.000001
419.416471,0.000005
419.528992,-0.000006
419.641519,-0.000007
419.754052,-0.000003
419.86659,-0.000007
419.979135,-0.000009
420.091685,0.000005
420.204241,0.000001
420.316803,0.000008
420.429371,-0.000006
420.541944,-0.000004
420.654524,0.000004
420.767109,-0.000007
420.8797,0.000001
420.992297,0.000008
421.104899,0.000001
421.217508,0.000005
421.330122,-0.000006
421.442742,-0.000014
421.555368,0.000004
421.667999,-0.000001
421.780637,0.000001
421.89328,-0.000007
422.005929,-0.000003
422.118584,-0.000001
422.231244,0.00001
422.343911,-0.000001
422.456583,0.000004
422.569261,-0.000007
422.681945,-0.000012
422.794634,-0.000001
422.907329,-0.000012
423.02003,-0.000001
423.132737,-0.000003
423.24545,-0.000004
423.358168,-0.000003
423.470892,0.000005
423.583622,-0.000006
423.696357,-0.000001
423.809099,0.000001
423.921846,-0.000001
424.034599,-0.000006
424.147357,0.000002
424.260122,-0.000003
424.372892,0.000005
424.485667,-0.000012
424.598449,-0.000017
424.711236,-0.000003
424.824029,0.000005
424.936828,0.000007
425.049632,-0.000004
425.162443,-0.000003
425.275258,-0.000004
425.38808,-0.000003
425.500907,-0.000004
425.61374,-0.000006
425.726579,-0.000001
425.839424,-0.000006
425.952274,0.000008
426.06513,0.000001
426.177991,-0.000001
426.290858,-0.000009
426.403731,-0.000014
426.51661,-0.000015
426.629494,-0.000017
426.742384,-0.000003
426.85528,-0.000011
426.968181,-0.000003
427.081089,-0.000001
427.194001,-0.000003
427.30692,-0.000004
427.419844,-0.000006
427.532774,-0.000017
427.645709,0.000004
427.75865,-0.000014
427.871597,-0.000015
427.984549,-0.000011
428.097508,-0.000012
428.210471,-0.000017
428.323441,0.000004
428.436416,0.000002
428.549397,-0.000009
428.662383,-0.000011
428.775375,0.000001
428.888373,-0.000004
429.001376,-0.000006
429.114385,-0.000007
429.227399,-0.000018
429.34042,-0.000004
429.453446,-0.000009
429.566477,-0.000011
429.679514,0.000001
429.792557,-0.000011
429.905605,-0.000009
430.018659,-0.000007
430.131719,-0.000018
430.244784,-0.000011
430.357855,-0.000015
430.470931,-0.000011
430.584013,-0.000012
430.697101,-0.000023
430.810194,-0.000006
430.923293,-0.000055
431.036397,0.000035
431.149507,-0.000058
431.262623,0.000007
431.375744,-0.000061
431.488871,0.000007
431.602003,-0.000077
431.715141,0.000016
431.828285,-0.000083
431.941434,0.000016
432.054589,-0.000074
432.167749,0.000007
432.280915,-0.000086
432.394086,0.00001
432.507263,-0.000089
432.620446,0.000007
432.733634,-0.000077
432.846827,-0.000006
432.960026,-0.00008
433.073231,-0.000003
433.186442,-0.000074
433.299657,0.010753
433.412879,0.011483
433.526106,0.006168
433.639338,0.001957
433.752576,0.00112
433.86582,0.001781
433.979069,0.010696
434.092324,0.021942
434.205584,0.042624
434.318849,0.023689
434.432121,0.020716
434.545397,0.016503
434.65868,0.010355
434.771967,0.008465
434.885261,0.013726
434.99856,0.056602
435.111864,0.384045
435.225174,0.877226
435.338489,0.887996
435.45181,0.54312
435.565136,0.340882
435.678468,0.245058
435.791805,0.174506
435.905148,0.129707
436.018497,0.112503
436.13185,0.093271
436.24521,0.066178
436.358574,0.041713
436.471945,0.023535
436.58532,0.023065
436.698702,0.012685
436.812088,0.006387
436.92548,0.000637
437.038878,-0.000105
437.152281,-0.000006
437.26569,-0.000092
437.379104,0.000007
437.492523,-0.000067
437.605948,0.000013
437.719379,-0.000055
437.832814,0.000023
437.946256,-0.000058
438.059702,0.000023
438.173155,-0.000064
438.286612,0.000019
438.400075,-0.000058
438.513544,0.000035
438.627018,-0.000048
438.740497,0.000035
438.853982,-0.000048
438.967472,0.000026
439.080968,-0.000042
439.194469,0.000026
439.307975,-0.000048
439.421487,0.000035
439.535005,-0.000045
439.648527,0.000035
439.762056,-0.000055
439.875589,0.000029
439.989128,-0.000042
440.102673,0.000029
440.216222,-0.000039
440.329777,0.000038
440.443338,-0.000048
440.556904,0.000026
440.670475,-0.000036
440.784052,0.000032
440.897634,-0.000039
441.011222,0.000038
441.124815,-0.000048
441.238413,0.000038
441.352017,-0.000042
441.465626,0.000048
441.57924,-0.000045
441.69286,0.000029
441.806485,-0.000042
441.920116,0.000035
442.033752,-0.000039
442.147393,0.000045
442.261039,-0.000042
442.374691,0.000029
442.488349,-0.000058
442.602011,0.000029
442.715679,-0.000058
442.829353,0.000032
442.943031,-0.000048
443.056715,0.000023
443.170405,-0.000052
443.2841,0.000042
443.3978,-0.000039
443.511505,0.000038
443.625216,-0.000045
443.738932,0.000051
443.852653,-0.000048
443.96638,0.000038
444.080112,-0.000042
444.193849,0.000038
444.307592,-0.000042
444.42134,0.000038
444.535093,-0.000039
444.648852,0.000045
444.762615,-0.000029
444.876385,0.000038
444.990159,-0.000036
445.103939,0.000038
445.217724,-0.000052
445.331514,0.000035
445.44531,-0.000036
445.559111,0.000042
445.672917,-0.000042
445.786729,0.000038
445.900545,-0.000052
446.014367,0.000023
446.128195,-0.000045
446.242027,0.000051
446.355865,-0.000036
446.469709,0.000038
446.583557,-0.000039
446.697411,0.000038
446.81127,-0.000042
446.925134,0.000045
447.039003,-0.000039
447.152878,0.000026
447.266758,-0.000042
447.380643,0.000038
447.494534,-0.000039
447.608429,0.000051
447.72233,-0.000029
447.836237,0.000038
447.950148,-0.000045
448.064065,0.000048
448.177987,-0.000036
448.291914,0.000048
448.405846,-0.000052
448.519784,0.000032
448.633726,-0.000033
448.747674,0.000042
448.861628,-0.000048
448.975586,0.000038
449.08955,-0.000045
449.203519,0.000026
449.317493,-0.000042
449.431472,0.000032
449.545457,-0.000036
449.659446,0.000035
449.773441,-0.000039
449.887441,0.000048
450.001447,-0.000045
450.115457,0.000029
450.229473,-0.000042
450.343494,0.000045
450.45752,-0.000033
450.571551,0.000042
450.685587,-0.000039
450.799629,0.000048
450.913676,-0.000052
451.027728,0.000038
451.141785,-0.000042
451.255847,0.000038
451.369915,-0.000045
451.483987,0.000035
451.598065,-0.000036
451.712148,0.000026
451.826236,-0.000023
451.940329,0.000038
452.054428,-0.000029
452.168531,0.000038
452.28264,-0.000042
452.396754,0.000042
452.510873,-0.000042
452.624997,0.000042
452.739126,-0.000036
452.85326,0.000032
452.9674,-0.000042
453.081544,0.000042
453.195694,-0.000029
453.309849,0.000035
453.424009,-0.000048
453.538174,0.000032
453.652344,-0.000039
453.76652,0.000023
453.8807,-0.000045
453.994886,0.000048
454.109076,-0.000036
454.223272,0.000042
454.337473,-0.000033
454.451679,0.000029
454.56589,-0.000042
454.680106,0.000029
454.794328,-0.000042
454.908554,0.000038
455.022785,-0.000039
455.137022,0.000032
455.251264,-0.000029
455.36551,0.000038
455.479762,-0.000039
455.594019,0.000038
455.708281,-0.000042
455.822548,0.000029
455.93682,-0.000029
456.051097,0.000054
456.165379,-0.000039
456.279666,0.000035
456.393959,-0.000042
456.508256,0.000051
456.622559,-0.000036
456.736866,0.000029
456.851179,-0.000033
456.965496,0.000038
457.079819,-0.000048
457.194146,0.000042
457.308479,-0.000039
457.422817,0.000048
457.53716,-0.000039
457.651507,0.000026
457.76586,-0.000048
457.880218,0.000026
457.994581,-0.000048
458.108949,0.000035
458.223322,-0.000055
458.3377,0.000029
458.452083,-0.000042
458.566471,0.000032
458.680864,-0.000042
458.795262,0.000045
458.909665,-0.000045
459.024073,0.000054
459.138486,-0.000033
459.252904,0.000032
459.367327,-0.000036
459.481755,0.000042
459.596188,-0.000045
459.710626,0.000048
459.825069,-0.000048
459.939517,0.000035
460.05397,-0.000001
460.168427,-0.000003
460.28289,0.000008
460.397358,-0.000009
460.511831,0.000005
460.626309,-0.000018
460.740792,0.000002
460.855279,0.000004
460.969772,0.000002
461.08427,-0.000006
461.198772,0.000002
461.31328,-0.000012
461.427792,-0.000007
461.54231,-0.000012
461.656832,-0.000001
461.77136,0.000004
461.885892,0.000018
462.000429,0.000007
462.114971,0.000008
462.229518,0.000007
462.34407,0.000005
462.458627,-0.000009
462.573189,-0.000001
462.687756,0.000013
462.802328,0.000002
462.916905,0.000007
463.031486,0.000002
463.146073,0.000013
463.260664,-0.000011
463.37526,-0.000003
463.489862,0.000005
463.604468,0.000001
463.719079,0.000008
463.833695,0.000007
463.948316,-0.000007
464.062941,-0.000006
464.177572,0.000005
464.292208,-0.000006
464.406848,0.000002
464.521493,-0.000003
464.636144,0.000002
464.750799,-0.000006
464.865459,0.000008
464.980124,-0.000012
465.094793,-0.000001
465.209468,0.000007
465.324147,0.000005
465.438832,0.000016
465.553521,-0.000004
465.668215,0.000016
465.782914,-0.000014
465.897618,0.000007
466.012326,0.000002
466.12704,0.000001
466.241758,0.000008
466.356481,-0.000006
466.471209,-0.000007
466.585942,0.000001
466.70068,-0.000004
466.815423,0.000001
466.93017,0.000015
467.044922,-0.000006
467.159679,0.000005
467.274441,-0.000003
467.389208,0.000008
467.503979,-0.000003
467.618756,-0.000011
467.733537,0.000004
467.848323,-0.000001
467.963114,0.000001
468.077909,-0.000014
468.19271,0.000004
468.307515,-0.000004
468.422325,-0.000003
468.53714,0.000005
468.65196,-0.000006
468.766784,0.000002
468.881613,0.000019
468.996447,-0.000004
469.111286,0.000007
469.22613,0.000005
469.340978,0.000007
469.455832,0.000005
469.57069,-0.000003
469.685552,-0.000004
469.80042,0.000004
469.915292,0.000008
470.030169,0.000007
470.145051,-0.000001
470.259938,0.000004
470.374829,0.000005
470.489725,0.000001
470.604626,0.000002
470.719532,0.00001
470.834442,-0.000001
470.949357,0.000019
471.064277,0.000012
471.179202,0.000001
471.294131,0.000005
471.409066,0.000001
471.524004,0.000021
471.638948,0.000007
471.753896,0.000015
471.868849,0.000004
471.983807,0.000008
472.09877,0.000004
472.213737,-0.000004
472.328709,-0.000009
472.443686,-0.000014
472.558667,0.000004
472.673653,-0.000001
472.788644,0.000007
472.90364,0.000015
473.01864,0.000013
473.133645,-0.000011
473.248655,0.000007
473.363669,0.000005
473.478688,-0.000006
473.593712,0.000002
473.708741,0.000007
473.823774,-0.000004
473.938812,0.000004
474.053854,-0.000001
474.168902,0.000001
474.283954,-0.000001
474.39901,0.000004
474.514071,-0.000004
474.629137,0.000004
474.744208,-0.000014
474.859283,0.000007
474.974363,0.000005
475.089448,-0.000009
475.204537,0.000008
475.319631,-0.000012
475.43473,0.000008
475.549833,0.000001
475.664941,0.000008
475.780054,-0.000006
475.895171,-0.000011
476.010293,0.000001
476.125419,0.000015
476.24055,0.000001
476.355686,0.000005
476.470827,-0.000009
476.585972,-0.000004
476.701121,0.000004
476.816276,0.000005
476.931435,0.000007
477.046598,0.000005
477.161766,-0.000003
477.276939,-0.000014
477.392117,-0.000003
477.507299,-0.000011
477.622485,0.000001
477.737677,-0.000007
477.852873,0.000001
477.968073,-0.00002
478.083278,0.00001
478.198488,-0.000001
478.313702,-0.000012
478.428921,0.000005
478.544144,-0.000003
478.659373,-0.000011
478.774605,-0.000006
478.889842,-0.000007
479.005084,0.000001
479.120331,0.000008
479.235582,0.000013
479.350837,0.000008
479.466097,0.000004
479.581362,-0.000004
479.696631,0.00001
479.811905,0.000005
479.927184,0.00001
480.042467,-0.000004
480.157754,-0.000006
480.273046,-0.000007
480.388343,0.000007
480.503644,-0.000007
480.61895,-0.000006
480.73426,-0.000014
480.849575,0.000007
480.964894,0.000012
481.080218,0.000001
481.195546,0.000018
481.310879,0.000001
481.426217,-0.000004
481.541559,0.000001
481.656906,0.000012
481.772257,0.000001
481.887612,0.000008
482.002972,0.000001
482.118337,0.000002
482.233706,-0.000003
482.34908,-0.000004
482.464458,0.000001
482.579841,-0.000004
482.695228,-0.000006
482.81062,-0.000004
482.926016,-0.000003
483.041417,0.000005
483.156822,0.000004
483.272232,-0.000004
483.387646,0.000001
483.503064,0.000002
483.618488,-0.000006
483.733915,-0.000004
483.849347,-0.000018
483.964784,0.000002
484.080225,0.000001
484.195671,0.000008
484.311121,0.000004
484.426575,0.000008
484.542034,0.00001
484.657498,-0.000004
484.772966,0.00001
484.888438,-0.000007
485.003915,0.000004
485.119396,0.000005
485.234882,0.000001
485.350372,0.000002
485.465867,-0.000006
485.581366,0.000015
485.696869,0.000001
485.812377,0.000005
485.92789,0.000007
486.043406,-0.000004
486.158928,0.000007
486.274453,0.000002
486.389983,-0.000003
486.505518,-0.000004
486.621057,-0.000003
486.7366,-0.000001
486.852148,0.00001
486.9677,-0.000007
487.083257,0.000004
487.198818,0.000002
487.314384,0.00001
487.429953,0.000002
487.545528,0.000004
487.661106,0.000012
487.77669,0.000001
487.892277,0.000018
488.007869,-0.000003
488.123465,-0.000001
488.239066,0.000001
488.354671,0.000015
488.47028,0.00001
488.585894,-0.000004
488.701512,0.00001
488.817135,-0.000001
488.932762,-0.000006
489.048393,0.000005
489.164029,0.000007
489.279669,-0.000007
489.395313,0.000007
489.510962,-0.000039
489.626615,0.000035
489.742273,-0.000026
489.857935,0.000042
489.973601,-0.000033
490.089271,0.000029
490.204946,-0.000029
490.320626,0.000045
490.436309,-0.000045
490.551997,0.000029
490.667689,-0.000036
490.783386,0.000029
490.899087,-0.000086
491.014792,-0.000022
491.130502,-0.000105
491.246216,-0.000015
491.361934,-0.000086
491.477657,0.000007
491.593384,-0.000077
491.709115,0.000019
491.82485,-0.000045
491.94059,0.000035
492.056334,-0.000058
492.172083,0.000029
492.287836,-0.000055
492.403593,0.000038
492.519354,-0.000048
492.63512,0.000038
492.75089,-0.000039
492.866664,0.000035
492.982443,-0.000033
493.098226,0.000048
493.214013,-0.000039
493.329804,0.000029
493.4456,-0.000039
493.5614,0.000038
493.677204,-0.000029
493.793013,0.000042
493.908826,-0.000039
494.024643,0.000045
494.140464,-0.000042
494.25629,0.000048
494.372119,-0.000029
494.487954,0.000042
494.603792,-0.000045
494.719635,0.000045
494.835482,-0.000036
494.951333,0.000048
495.067188,-0.000029
495.183048,0.000035
495.298912,-0.000061
495.41478,0.000023
495.530652,-0.000061
495.646529,0.000038
495.762409,-0.000061
495.878295,0.000032
495.994184,-0.000048
496.110077,0.000035
496.225975,-0.000039
496.341877,0.000035
496.457783,-0.000048
496.573694,0.000064
496.689608,-0.000045
496.805527,0.000042
496.92145,-0.000048
497.037377,0.000032
497.153309,-0.000042
497.269244,0.000038
497.385184,-0.000045
497.501128,0.000042
497.617077,-0.000048
497.733029,0.000042
497.848986,-0.000039
497.964946,0.000042
498.080911,-0.000036
498.196881,0.000048
498.312854,-0.000039
498.428831,0.000042
498.544813,-0.000042
498.660799,0.000035
498.776789,-0.000036
498.892783,0.000038
499.008782,-0.000039
499.124784,0.000032
499.240791,-0.000045
499.356802,0.000038
499.472817,-0.000045
499.588836,0.000045
499.704859,-0.000042
499.820887,0.000038
499.936918,-0.000039
500.052954,0.000023
500.168994,-0.000045
500.285038,0.000045
500.401086,-0.000039
500.517138,0.000042
500.633195,-0.000036
500.749256,0.000048
500.86532,-0.000045
500.981389,0.000035
501.097462,-0.000033
501.213539,0.000042
501.32962,-0.000033
501.445706,0.000035
501.561795,-0.000042
501.677888,0.000032
501.793986,-0.000023
501.910088,0.000038
502.026194,-0.000052
502.142304,0.000048
502.258418,-0.000048
502.374536,0.000048
502.490658,-0.000052
502.606784,0.000038
502.722915,-0.000036
502.839049,0.000051
502.955188,-0.000017
503.07133,0.000038
503.187477,-0.000033
503.303628,0.000035
503.419783,-0.000036
503.535942,0.000042
503.652105,-0.000045
503.768272,0.000042
503.884443,-0.000023
504.000618,0.000038
504.116797,-0.000048
504.232981,0.000038
504.349168,-0.000036
504.46536,0.000038
504.581555,-0.000036
504.697755,0.000048
504.813958,-0.000042
504.930166,0.000032
505.046377,-0.000017
505.162593,0.000042
505.278813,-0.000042
505.395037,0.000045
505.511264,-0.000033
505.627496,0.000029
505.743732,-0.000045
505.859972,0.000054
505.976216,-0.000036
506.092464,0.000029
506.208716,-0.000048
506.324972,0.000038
506.441232,-0.000039
506.557496,0.000042
506.673764,-0.000039
506.790035,0.000045
506.906311,-0.000026
507.022591,0.000042
507.138875,-0.000045
507.255163,0.000045
507.371455,-0.000042
507.487751,0.000045
507.604051,-0.00002
507.720355,0.000029
507.836663,-0.000033
507.952975,0.000029
508.069291,-0.000052
508.185611,0.000045
508.301934,-0.000036
508.418262,0.000035
508.534594,-0.000042
508.65093,0.000048
508.767269,-0.000052
508.883613,0.000045
508.99996,-0.000039
509.116312,0.000035
509.232667,-0.000045
509.349027,0.000057
509.46539,-0.000023
509.581758,0.000029
509.698129,-0.000036
509.814504,0.000042
509.930883,-0.000039
510.047266,0.000029
510.163653,-0.000036
510.280044,0.000032
510.396439,-0.000036
510.512838,0.000038
510.629241,-0.000036
510.745647,0.000057
510.862058,-0.000042
510.978472,0.00006
511.094891,-0.000029
511.211313,0.000042
511.327739,-0.000036
511.44417,0.000042
511.560604,-0.000029
511.677042,0.000038
511.793483,-0.000033
511.909929,0.000035
512.026379,-0.000033
512.142832,0.000038
512.25929,-0.000039
512.375751,0.000057
512.492216,-0.000045
512.608685,0.000042
512.725158,-0.000045
512.841635,0.000045
512.958116,-0.000029
513.0746,0.000045
513.191089,-0.000039
513.307581,0.000042
513.424077,-0.000036
513.540577,0.000057
513.657081,-0.000048
513.773589,0.000042
513.890101,-0.000039
514.006616,0.000038
514.123136,-0.000039
514.239659,0.000038
514.356186,-0.000045
514.472717,0.000032
514.589251,-0.000039
514.70579,0.000051
514.822332,-0.000052
514.938879,0.000042
515.055429,-0.000045
515.171983,0.000035
515.28854,-0.000039
515.405102,0.000029
515.521667,-0.000045
515.638236,0.000042
515.754809,-0.000036
515.871386,0.000042
515.987967,-0.000039
516.104551,0.000032
516.221139,-0.000048
516.337732,0.000051
516.454327,-0.000045
516.570927,0.000048
516.687531,-0.000033
516.804138,0.000038
516.920749,-0.000039
517.037364,0.000038
517.153982,-0.000036
517.270605,0.000051
517.387231,-0.000055
517.503861,0.000038
517.620495,-0.000036
517.737132,0.000038
517.853774,-0.000039
517.970419,0.000038
518.087067,-0.000039
518.20372,0.000042
518.320376,-0.000039
518.437037,0.000054
518.553701,-0.000023
518.670368,0.000057
518.78704,-0.000033
518.903715,0.000045
519.020394,-0.000036
519.137076,0.000042
519.253763,-0.000004
519.370453,-0.000003
519.487147,0.000015
519.603845,0.000007
519.720546,0.000008
519.837251,0.000007
519.95396,0.000008
520.070672,0.000001
520.187389,0.000005
520.304109,0.000004
520.420832,0.000005
520.53756,0.000007
520.654291,-0.000001
520.771026,0.00001
520.887765,0.000015
521.004507,-0.000006
521.121253,0.000008
521.238003,0.000007
521.354756,-0.000001
521.471513,0.000004
521.588274,-0.000001
521.705039,0.00001
521.821807,0.000018
521.938579,-0.000003
522.055354,0.000002
522.172133,0.000013
522.288916,0.000018
522.405703,0.000004
522.522493,-0.000007
522.639287,0.000004
522.756085,0.000008
522.872886,0.000004
522.989691,-0.000001
523.1065,0.000007
523.223312,0.000002
523.340128,-0.000012
523.456948,-0.000007
523.573771,-0.000009
523.690598,0.000015
523.807429,-0.000006
523.924263,0.000002
524.041101,0.000004
524.157943,-0.000001
524.274788,0.000013
524.391637,-0.000001
524.508489,0.000007
524.625345,-0.000007
524.742205,0.000001
524.859068,-0.000001
524.975935,0.000016
525.092806,-0.000004
525.20968,0.000007
525.326558,0.000015
525.443439,0.00001
525.560324,-0.000001
525.677213,0.000001
525.794105,-0.000011
525.911001,0.000001
526.027901,-0.000004
526.144804,0.000001
526.261711,0.000002
526.378621,0.000004
526.495535,-0.000004
526.612452,-0.000003
526.729374,-0.000007
526.846298,0.000004
526.963227,0.000005
527.080158,-0.000003
527.197094,-0.000001
527.314033,-0.000003
527.430975,0.000012
527.547922,0.000016
527.664871,0.000002
527.781825,0.000007
527.898782,0.000012
528.015742,0.000001
528.132706,-0.000004
528.249674,0.000013
528.366645,0.000002
528.483619,-0.000003
528.600598,-0.000001
528.717579,-0.000012
528.834565,-0.000001
528.951554,0.000007
529.068546,-0.000001
529.185542,0.000004
529.302541,0.000008
529.419544,-0.000003
529.536551,0.000008
529.653561,-0.000003
529.770575,-0.000004
529.887592,0.000007
530.004612,-0.000001
530.121637,0.000001
530.238664,-0.000001
530.355696,-0.000003
530.47273,-0.000007
530.589769,-0.000009
530.70681,0.000002
530.823856,-0.000006
530.940904,-0.000004
531.057957,-0.000006
531.175012,0.000002
531.292072,-0.000012
531.409134,0.000005
531.526201,-0.000006
531.64327,-0.000001
531.760344,-0.000003
531.87742,0.000005
531.994501,-0.000003
532.111584,-0.000014
532.228671,-0.000006
532.345762,-0.000007
532.462856,-0.000006
532.579954,0.000005
532.697055,-0.000003
532.814159,0.000002
532.931267,0.000001
533.048379,0.000005
533.165493,-0.000012
533.282612,0.000012
533.399734,-0.000003
533.516859,-0.000001
533.633988,-0.000003
533.75112,-0.000011
533.868255,-0.000006
533.985394,0.000002
534.102537,-0.000003
534.219683,0.000002
534.336832,0.000004
534.453985,0.000005
534.571141,0.000004
534.688301,0.000008
534.805464,0.000001
534.92263,-0.000004
535.0398,-0.000003
535.156973,-0.000007
535.27415,0.000007
535.39133,-0.000011
535.508514,-0.000003
535.625701,-0.000004
535.742891,-0.000012
535.860085,-0.000004
535.977282,-0.000012
536.094482,0.000005
536.211686,-0.000006
536.328894,-0.000007
536.446104,0.000001
536.563318,-0.000001
536.680536,0.000004
536.797757,-0.000004
536.914981,-0.000003
537.032209,-0.000001
537.14944,0.000007
537.266674,0.000005
537.383912,0.00001
537.501153,0.000002
537.618398,0.000013
537.735645,-0.000004
537.852897,0.000001
537.970151,-0.000001
538.087409,0.000007
538.20467,-0.000004
538.321935,0.000004
538.439203,-0.000004
538.556474,-0.000009
538.673749,0.000002
538.791027,0.000004
538.908309,-0.000001
539.025593,-0.000003
539.142881,0.000002
539.260173,-0.000009
539.377467,0.000005
539.494765,-0.000015
539.612067,-0.000014
539.729371,-0.000006
539.846679,-0.000004
539.963991,0.000007
540.081305,-0.00002
540.198623,0.00001
540.315945,-0.000007
540.433269,-0.000006
540.550597,-0.000017
540.667928,-0.000009
540.785263,-0.000014
540.9026,-0.000003
541.019942,-0.00002
541.137286,0.000004
541.254634,-0.000001
541.371985,-0.000009
541.489339,0.000002
541.606696,-0.000009
541.724057,-0.000001
541.841421,0.000001
541.958789,-0.000017
542.076159,-0.000022
542.193533,-0.000017
542.31091,-0.000015
542.428291,-0.000014
542.545674,-0.000012
542.663061,-0.000023
542.780452,-0.000018
542.897845,-0.000023
543.015242,-0.000018
543.132642,-0.00002
543.250045,-0.000006
543.367452,-0.000007
543.484861,-0.000022
543.602274,-0.000023
543.71969,-0.000034
543.83711,-0.000045
543.954533,-0.00004
544.071959,-0.000048
544.189388,-0.000044
544.30682,-0.000036
544.424256,-0.000047
544.541695,-0.000048
544.659137,-0.00005
544.776582,-0.000055
544.89403,-0.000056
545.011482,-0.000052
545.128937,-0.000066
545.246395,-0.000042
545.363857,0.05407
545.481321,0.295298
545.598789,0.511872
545.71626,0.467373
545.833734,0.331202
545.951211,0.290559
546.068692,0.273803
546.186175,0.225641
546.303662,0.165639
546.421152,0.140232
546.538646,0.129647
546.656142,0.10001
546.773642,0.076151
546.891145,0.061345
547.008651,0.044346
547.12616,0.036952
547.243672,0.019897
547.361188,0.020722
547.478706,0.016277
547.596228,0.007948
547.713753,0.00251
547.831281,0.000138
547.948812,-0.000063
548.066347,-0.000055
548.183884,-0.000047
548.301425,-0.000033
548.418969,-0.000047
548.536516,-0.000023
548.654066,-0.000034
548.77162,-0.000011
548.889176,-0.000025
549.006736,-0.000023
549.124298,-0.000009
549.241864,-0.000067
549.359433,0.000016
549.477005,-0.000048
549.59458,0.000029
549.712159,-0.000048
549.82974,0.000023
549.947324,-0.000055
550.064912,0.000023
550.182503,-0.000052
550.300097,0.000029
550.417694,-0.000045
550.535294,0.000023
550.652897,-0.000058
550.770503,0.000029
550.888112,-0.000045
551.005725,0.000038
551.12334,-0.000048
551.240959,0.000042
551.358581,-0.000033
551.476206,0.000038
551.593833,-0.000029
551.711464,0.000042
551.829098,-0.000042
551.946735,0.000032
552.064376,-0.000042
552.182019,0.000038
552.299665,-0.000052
552.417314,0.000042
552.534967,-0.000033
552.652622,0.000038
552.770281,-0.000033
552.887942,0.000038
553.005607,-0.000036
553.123275,0.000051
553.240945,-0.000036
553.358619,0.000032
553.476296,-0.000048
553.593976,0.000038
553.711659,-0.000042
553.829344,0.000026
553.947033,-0.000036
554.064725,0.000032
554.18242,-0.000048
554.300118,0.000048
554.417819,-0.000042
554.535523,0.000042
554.65323,-0.000029
554.77094,0.000045
554.888654,-0.000045
555.00637,0.000048
555.124089,-0.000039
555.241811,0.000038
555.359536,-0.000048
555.477264,0.000045
555.594995,-0.000039
555.712729,0.000035
555.830466,-0.000039
555.948206,0.000045
556.06595,-0.000045
556.183696,0.000045
556.301445,-0.000039
556.419197,0.000042
556.536952,-0.000045
556.65471,0.000045
556.772471,-0.000033
556.890234,0.000045
557.008001,-0.000036
557.125771,0.000029
557.243544,-0.000029
557.36132,0.000045
557.479098,-0.000036
557.59688,0.000032
557.714665,-0.000052
557.832452,0.000042
557.950243,-0.000036
558.068036,0.000035
558.185833,-0.000029
558.303632,0.000035
558.421434,-0.000048
558.53924,0.000048
558.657048,-0.000036
558.774859,0.000032
558.892673,-0.000039
559.01049,0.000029
559.12831,-0.000029
559.246133,0.000026
559.363958,-0.000042
559.481787,0.000038
559.599619,-0.000039
559.717453,0.000035
559.835291,-0.000036
559.953131,0.000038
560.070974,-0.000039
560.18882,0.000045
560.306669,-0.000045
560.424521,0.000035
560.542376,-0.000045
560.660234,0.000026
560.778094,-0.000042
560.895958,0.000038
561.013824,-0.000042
561.131693,0.000038
561.249565,-0.000042
561.36744,0.000045
561.485318,-0.000045
561.603199,0.000051
561.721082,-0.000039
561.838969,0.000035
561.956858,-0.00002
562.074751,0.000048
562.192646,-0.000029
562.310544,0.000035
562.428444,-0.000045
562.546348,0.000042
562.664255,-0.000039
562.782164,0.000054
562.900076,-0.000029
563.017991,0.000057
563.135909,-0.000045
563.25383,0.000045
563.371753,-0.000029
563.48968,0.000038
563.607609,-0.000026
563.725541,0.000038
563.843476,-0.000045
563.961414,0.000038
564.079354,-0.000033
564.197297,0.000045
564.315244,-0.000042
564.433193,0.000042
564.551144,-0.000042
564.669099,0.000057
564.787056,-0.000036
564.905017,0.000045
565.02298,-0.000052
565.140946,0.000035
565.258914,-0.000036
565.376886,0.000032
565.49486,-0.000039
565.612837,0.000042
565.730817,-0.000045
565.848799,0.000045
565.966785,-0.000039
566.084773,0.000042
566.202764,-0.000033
566.320758,0.000048
566.438754,-0.000033
566.556753,0.000038
566.674755,-0.000052
566.79276,0.000038
566.910768,-0.000039
567.028778,0.000048
567.146791,-0.000042
567.264807,0.000035
567.382826,-0.000033
567.500847,0.000029
567.618871,-0.000052
567.736898,0.000038
567.854927,-0.000042
567.97296,0.000035
568.090995,-0.000048
568.209033,0.000035
568.327073,-0.000036
568.445117,0.000048
568.563163,-0.000058
568.681211,0.000038
568.799263,-0.00007
568.917317,0.000038
569.035374,-0.000045
569.153434,0.000042
569.271496,-0.000045
569.389561,0.000038
569.507629,-0.000045
569.625699,0.000042
569.743773,-0.000039
569.861848,0.000032
569.979927,-0.000039
570.098008,0.000026
570.216092,-0.000033
570.334179,0.000048
570.452269,-0.000042
570.570361,0.000042
570.688455,-0.000026
570.806553,0.000038
570.924653,-0.000039
571.042756,0.000045
571.160861,-0.000042
571.278969,0.000054
571.39708,-0.000055
571.515194,0.000035
571.63331,-0.000039
571.751429,0.000045
571.86955,-0.000033
571.987675,0.000048
572.105801,-0.000045
572.223931,0.000023
572.342063,-0.000029
572.460198,0.000032
572.578335,-0.000039
572.696475,0.000045
572.814618,-0.000036
572.932764,0.000038
573.050912,-0.000045
573.169062,0.000048
573.287216,-0.000042
573.405372,0.000032
573.52353,-0.000048
573.641691,0.000045
573.759855,-0.000036
573.878022,0.000035
573.996191,-0.000052
574.114362,0.000038
574.232537,-0.000048
574.350713,0.000038
574.468893,-0.000052
574.587075,0.000038
574.70526,-0.000045
574.823447,0.000023
574.941637,-0.000058
575.05983,0.000029
575.178025,-0.000067
575.296222,0.000016
575.414423,-0.000074
575.532626,0.000019
575.650831,-0.000064
575.769039,0.00001
575.88725,-0.00007
576.005463,-0.000015
576.123679,-0.000096
576.241897,0.006874
576.360118,0.045216
576.478342,0.099298
576.596568,0.105389
576.714797,0.074833
576.833028,0.054493
576.951262,0.054675
577.069498,0.051658
577.187737,0.043457
577.305978,0.033912
577.424222,0.024689
577.542469,0.020495
577.660718,0.023661
577.778969,0.023033
577.897224,0.01588
578.01548,0.009601
578.13374,0.008586
578.252001,0.006744
578.370266,0.021063
578.488533,0.060241
578.606802,0.1079
578.725074,0.105194
578.843348,0.073805
578.961625,0.05513
579.079905,0.054628
579.198187,0.051251
579.316471,0.043498
579.434758,0.022522
579.553047,0.020407
579.671339,0.023024
579.789634,0.022993
579.907931,0.015421
580.02623,0.009081
580.144532,0.006362
580.262837,0.003046
580.381144,0.000595
580.499453,-0.000075
580.617765,-0.000064
580.73608,-0.000056
580.854397,-0.000033
580.972716,-0.00004
581.091038,-0.000029
581.209362,-0.000037
581.327689,-0.000017
581.446018,-0.000012
581.56435,-0.000011
581.682684,-0.000012
581.801021,-0.000011
581.91936,-0.000003
582.037701,-0.000001
582.156046,-0.000006
582.274392,-0.000001
582.392741,-0.000009
582.511092,-0.000011
582.629446,-0.000009
582.747802,-0.000014
582.866161,-0.000009
582.984522,0.000008
583.102886,-0.000015
583.221252,0.000005
583.33962,-0.000009
583.457991,-0.000007
583.576364,0.000004
583.69474,0.000002
583.813118,-0.000006
583.931499,-0.000007
584.049882,-0.000003
584.168267,0.000012
584.286655,-0.000006
584.405045,0.000002
584.523438,-0.000006
584.641833,0.000012
584.76023,0.000004
584.87863,0.000005
584.997032,-0.000003
585.115437,0.000002
585.233843,-0.000003
585.352253,0.000005
585.470665,-0.000009
585.589079,-0.000001
585.707495,0.000001
585.825914,0.000005
585.944335,0.000007
586.062759,-0.000001
586.181185,-0.000009
586.299613,-0.000014
586.418044,0.000001
586.536477,0.000002
586.654913,-0.000003
586.773351,-0.000004
586.891791,-0.000003
587.010233,-0.000011
587.128678,-0.000006
587.247125,-0.000001
587.365575,0.000016
587.484027,-0.000001
587.602481,0.000001
587.720938,-0.000017
587.839397,-0.000006
587.957858,-0.000007
588.076322,-0.000012
588.194788,-0.000001
588.313256,0.000004
588.431727,-0.000007
588.5502,0.000004
588.668675,-0.000004
588.787152,-0.000003
588.905632,-0.000001
589.024115,-0.000003
589.142599,-0.000011
589.261086,-0.000009
589.379575,0.000005
589.498066,0.000016
589.61656,0.000008
589.735056,-0.000003
589.853555,0.000002
589.972055,-0.000003
590.090558,0.000002
590.209063,0.000001
590.327571,0.000015
590.446081,-0.000003
590.564593,0.000008
590.683107,0.000001
590.801624,-0.000001
590.920143,0.000007
591.038664,-0.000001
591.157187,0.000001
591.275713,0.000005
591.394241,0.000004
591.512771,-0.000017
591.631304,0.000007
591.749838,-0.000017
591.868375,-0.000006
591.986915,0.000012
592.105456,-0.000003
592.224,0.000012
592.342546,-0.000006
592.461094,-0.000011
592.579645,0.000004
592.698197,-0.000001
592.816752,0.00001
592.93531,-0.000011
593.053869,-0.000003
593.172431,-0.000001
593.290995,0.000019
593.409561,-0.000004
593.528129,0.000016
593.6467,-0.000004
593.765272,0.000007
593.883847,0.000012
594.002424,-0.000006
594.121004,0.000002
594.239586,-0.000003
594.358169,0.000005
594.476755,-0.000006
594.595344,-0.000011
594.713934,0.000007
594.832527,0.000002
594.951121,-0.000003
595.069718,-0.000001
595.188318,-0.000012
595.306919,0.000005
595.425523,0.000001
595.544128,-0.000004
595.662736,-0.000003
595.781346,-0.000001
595.899959,0.000013
596.018573,-0.000004
596.13719,0.000007
596.255808,0.000008
596.374429,0.000013
596.493052,0.000002
596.611678,0.000001
596.730305,0.000002
596.848935,0.000004
596.967566,-0.000001
597.0862,0.000004
597.204836,-0.000001
597.323474,0.000004
597.442115,0.000015
597.560757,-0.000006
597.679402,-0.000023
597.798048,0.000001
597.916697,-0.000007
598.035348,0.000001
598.154001,0.000008
598.272657,-0.000012
598.391314,-0.000001
598.509973,0.000016
598.628635,-0.000001
598.747299,0.000007
598.865965,-0.000001
598.984633,0.000007
599.103303,0.000005
599.221975,-0.000009
599.340649,0.000002
599.459325,0.000004
599.578004,-0.000001
599.696684,0.000001
599.815367,-0.000001
599.934052,0.000001
600.052738,-0.000001
600.171427,0.000004
600.290118,0.000002
600.408811,-0.000012
600.527507,-0.000007
600.646204,0.00001
600.764903,-0.000001
600.883605,-0.000009
601.002308,0.000002
601.121014,-0.000006
601.239721,-0.000004
601.358431,-0.000009
601.477142,0.000002
601.595856,-0.000012
601.714572,0.000005
601.83329,-0.000009
601.95201,-0.000004
602.070732,-0.000012
602.189456,0.000002
602.308182,0.000001
602.42691,0.000002
602.54564,0.00001
602.664372,0.000012
602.783106,0.00001
602.901843,-0.000011
603.020581,0.000007
603.139321,-0.000001
603.258064,-0.000009
603.376808,-0.000007
603.495554,-0.000003
603.614303,0.000002
603.733053,0.000001
603.851805,0.000005
603.97056,0.000007
604.089316,-0.000011
604.208075,0.000001
604.326835,0.000005
604.445597,-0.000009
604.564362,-0.000001
604.683128,0.000004
604.801897,-0.000004
604.920667,0.000004
605.039439,-0.000001
605.158214,0.00001
605.27699,-0.000001
605.395769,0.000007
605.514549,-0.000001
605.633331,-0.000003
605.752115,0.000005
605.870902,-0.000009
605.98969,0.000002
606.10848,0.00001
606.227272,-0.000001
606.346066,-0.000003
606.464862,-0.000017
606.58366,0.000004
606.70246,0.000002
606.821262,-0.000003
606.940066,0.000005
607.058872,-0.000003
607.17768,0.000012
607.296489,0.00001
607.415301,0.000005
607.534114,0.00001
607.65293,-0.000004
607.771747,0.000007
607.890567,0.000005
608.009388,-0.000006
608.128211,-0.000007
608.247036,-0.000006
608.365863,-0.000004
608.484692,-0.000009
608.603523,-0.000004
608.722356,0.000007
608.841191,0.000002
608.960027,-0.000009
609.078866,-0.00002
609.197706,-0.000003
609.316549,-0.000011
609.435393,0.000004
609.554239,-0.000001
609.673087,-0.000003
609.791937,-0.000039
609.910789,0.000042
610.029642,-0.000039
610.148498,0.000029
610.267355,-0.000036
610.386215,0.000038
610.505076,-0.000039
610.623939,0.000042
610.742804,-0.000045
610.861671,0.000038
610.98054,-0.000033
611.09941,0.000045
611.218283,-0.000039
611.337157,0.000045
611.456033,-0.000026
611.574911,0.000048
611.693791,-0.000052
611.812672,0.000026
611.931556,-0.000048
612.050441,0.000042
612.169329,-0.000036
612.288218,0.000038
612.407109,-0.000036
612.526001,0.000045
612.644896,-0.000023
612.763792,0.000045
612.882691,-0.000042
613.001591,0.000038
613.120492,-0.000036
613.239396,0.000038
613.358302,-0.000042
613.477209,0.000032
613.596118,-0.000052
613.715029,0.000045
613.833942,-0.000036
613.952856,0.000057
614.071773,-0.000042
614.190691,0.000048
614.309611,-0.000026
614.428533,0.000045
614.547456,-0.000036
614.666382,0.000038
614.785309,-0.000039
614.904238,0.000042
615.023169,-0.000039
615.142101,0.000035
615.261035,-0.000033
615.379971,0.000054
615.498909,-0.000029
615.617849,0.000038
615.73679,-0.000026
615.855733,0.000038
615.974678,-0.000036
616.093625,0.000029
616.212573,-0.000026
616.331524,0.000051
616.450476,-0.000033
616.569429,0.000038
616.688385,-0.000036
616.807342,0.000032
616.926301,-0.000029
617.045262,0.000035
617.164224,-0.000055
617.283188,0.000045
617.402154,-0.000033
617.521122,0.000035
617.640091,-0.000055
617.759062,0.000026
617.878035,-0.000036
617.99701,0.000042
618.115986,-0.000045
618.234964,0.000032
618.353944,-0.000026
618.472925,0.000038
618.591908,-0.000026
618.710893,0.000042
618.82988,-0.000036
618.948868,0.000045
619.067858,-0.000036
619.18685,0.000054
619.305843,-0.000036
619.424838,0.000038
619.543835,-0.000033
619.662833,0.000042
619.781834,-0.000039
619.900835,0.000032
620.019839,-0.000042
620.138844,0.000048
620.257851,-0.000036
620.37686,0.000048
620.49587,-0.000042
620.614882,0.000032
620.733895,-0.000026
620.85291,0.000045
620.971927,-0.00002
621.090946,0.000051
621.209966,-0.000036
621.328988,0.000045
621.448012,-0.000042
621.567037,0.000054
621.686064,-0.000029
621.805092,0.000048
621.924122,-0.000029
622.043154,0.000048
622.162187,-0.000039
622.281222,0.000048
622.400259,-0.000039
622.519297,0.000042
622.638337,-0.000039
622.757379,0.000042
622.876422,-0.000026
622.995467,0.000029
623.114513,-0.000045
623.233561,0.000035
623.352611,-0.000029
623.471662,0.000032
623.590715,-0.000042
623.70977,0.000048
623.828826,-0.000042
623.947884,0.000032
624.066943,-0.000042
624.186004,0.000035
624.305066,-0.000036
624.42413,0.000042
624.543196,-0.000052
624.662263,0.000023
624.781332,-0.000052
624.900403,0.000029
625.019475,-0.000052
625.138548,0.000038
625.257624,-0.000048
625.3767,0.000032
625.495779,-0.000055
625.614859,0.000032
625.73394,-0.000058
625.853023,0.000013
625.972108,-0.000067
626.091194,0.000016
626.210282,-0.000055
626.329371,0.000023
626.448462,-0.000061
626.567554,0.000016
626.686648,-0.000067
626.805743,0.000032
626.92484,-0.000045
627.043939,0.000032
627.163039,-0.000045
627.282141,0.000029
627.401244,-0.000052
627.520349,0.000038
627.639455,-0.000042
627.758563,0.000038
627.877672,-0.000048
627.996783,0.000029
628.115895,-0.000042
628.235009,0.000045
628.354124,-0.000048
628.473241,0.000035
628.59236,-0.000039
628.711479,0.000048
628.830601,-0.000039
628.949724,0.000051
629.068848,-0.000039
629.187974,0.000038
629.307101,-0.000042
629.42623,0.000035
629.545361,-0.000039
629.664492,0.000048
629.783626,-0.000045
629.902761,0.000048
630.021897,-0.000045
630.141035,0.000048
630.260174,-0.000036
630.379315,0.000038
630.498457,-0.000036
630.617601,0.000038
630.736746,-0.000026
630.855892,0.000042
630.97504,-0.000039
631.09419,0.000035
631.213341,-0.000033
631.332493,0.000048
631.451647,-0.000029
631.570803,0.000042
631.689959,-0.000033
631.809118,0.000048
631.928277,-0.000045
632.047438,0.000045
632.166601,-0.000045
632.285765,0.000045
632.40493,-0.000033
632.524097,0.000051
632.643265,-0.000033
632.762435,0.000045
632.881606,-0.000033
633.000779,0.000042
633.119953,-0.000039
633.239128,0.000045
633.358305,-0.000033
633.477483,0.000038
633.596663,-0.000039
633.715844,0.000042
633.835026,-0.000036
633.95421,0.000038
634.073395,-0.000039
634.192582,0.000032
634.31177,-0.000036
634.430959,0.000051
634.55015,-0.000039
634.669342,0.000038
634.788536,-0.000042
634.90773,0.000032
635.026927,-0.000045
635.146124,0.000038
635.265324,-0.000042
635.384524,0.000035
635.503726,-0.000045
635.622929,0.000045
635.742133,-0.000036
635.861339,0.000007
635.980547,-0.000039
636.099755,0.000035
636.218965,-0.000036
636.338177,0.000035
636.457389,-0.000036
636.576603,0.000035
636.695819,-0.000026
636.815035,0.000051
636.934253,-0.000039
637.053473,0.000035
637.172693,-0.000029
637.291916,0.000035
637.411139,-0.000036
637.530364,0.000029
637.64959,-0.000036
637.768817,0.000038
637.888046,-0.000029
638.007276,0.000038
638.126507,-0.000045
638.24574,0.000048
638.364974,-0.000042
638.484209,0.000051
638.603445,-0.000036
638.722683,0.000042
638.841923,-0.000039
638.961163,0.000048
639.080405,-0.000036
639.199648,0.000045
639.318892,-0.000039
639.438138,0.000048
639.557385,-0.000036
639.676633,0.000045
639.795883,-0.000036
639.915133,0.000038
640.034385,-0.000039
640.153639,0.000038
640.272893,0.000005
640.392149,-0.000006
640.511406,0.000008
640.630665,-0.000003
640.749924,-0.000004
640.869185,-0.000003
640.988448,-0.000004
641.107711,0.000004
641.226976,-0.000007
641.346242,-0.000003
641.465509,0.000008
641.584777,0.000001
641.704047,0.000008
641.823318,0.000001
641.94259,0.000002
642.061864,0.000004
642.181138,0.000005
642.300414,0.000004
642.419691,-0.000011
642.53897,-0.000006
642.658249,-0.000017
642.77753,-0.000018
642.896812,-0.000004
643.016095,0.000004
643.13538,-0.000001
643.254665,-0.000012
643.373952,-0.000001
643.49324,0.000001
643.612529,-0.000004
643.73182,-0.000006
643.851112,-0.000001
643.970404,-0.000006
644.089698,0.000002
644.208994,-0.000003
644.32829,0.000002
644.447588,0.000001
644.566887,-0.000001
644.686187,0.000004
644.805488,-0.000001
644.92479,0.00001
645.044094,-0.000004
645.163398,0.000007
645.282704,0.000002
645.402011,-0.000009
645.52132,-0.000007
645.640629,-0.000009
645.75994,-0.000001
645.879251,-0.000003
645.998564,-0.000004
646.117878,0.00001
646.237193,0.000002
646.35651,-0.000006
646.475827,-0.000001
646.595146,0.000001
646.714466,0.000002
646.833787,0.000001
646.953109,-0.000004
647.072432,0.000004
647.191756,0.000002
647.311081,0.000004
647.430408,0.000008
647.549736,0.000004
647.669065,0.000002
647.788395,-0.000006
647.907726,0.000002
648.027058,0.000004
648.146391,-0.000004
648.265725,-0.000012
648.385061,0.000005
648.504398,0.000004
648.623735,0.000002
648.743074,0.000001
648.862414,-0.000001
648.981755,-0.000003
649.101097,-0.000001
649.22044,0.000016
649.339785,-0.000007
649.45913,0.00001
649.578476,0.000002
649.697824,0.000004
649.817173,0.000002
649.936522,0.000001
650.055873,0.000018
650.175225,-0.000003
650.294578,0.000021
650.413932,0.000001
650.533287,-0.000001
650.652643,-0.000006
650.772,0.000008
650.891358,0.000007
651.010718,-0.000001
651.130078,0.00001
651.24944,-0.000001
651.368802,-0.000003
651.488165,0.000018
651.60753,0.000004
651.726896,-0.000004
651.846262,0.000001
651.96563,0.000002
652.084999,-0.000012
652.204368,0.000002
652.323739,-0.000003
652.443111,-0.000011
652.562484,-0.000015
652.681857,-0.000001
652.801232,0.000001
652.920608,0.000012
653.039985,-0.000003
653.159363,-0.000004
653.278742,-0.000003
653.398122,-0.000007
653.517502,0.000007
653.636884,-0.000001
653.756267,-0.000003
653.875651,0.000015
653.995036,0.000001
654.114422,0.000002
654.233809,0.000007
654.353197,0.000005
654.472586,-0.000006
654.591975,-0.000007
654.711366,0.000004
654.830758,0.000002
654.950151,0.000004
655.069545,0.000002
655.188939,0.000007
655.308335,-0.000007
655.427732,0.000007
655.547129,0.000012
655.666528,0.000004
655.785927,0.000002
655.905328,-0.000003
656.024729,0.000002
656.144132,-0.000012
656.263535,0.000002
656.382939,0.000004
656.502345,-0.000001
656.621751,0.000019
656.741158,0.000008
656.860566,0.000007
656.979975,0.000002
657.099385,0.00001
657.218796,0.000005
657.338208,0.000004
657.45762,0.000005
657.577034,-0.000003
657.696449,0.000005
657.815864,0.000004
657.93528,0.000005
658.054698,0.000001
658.174116,0.000002
658.293535,-0.000009
658.412955,0.000008
658.532376,-0.000003
658.651798,0.000002
658.771221,0.000004
658.890644,-0.000001
659.010069,0.000001
659.129494,0.000005
659.24892,0.000004
659.368348,0.000002
659.487776,0.000016
659.607205,-0.000004
659.726635,-0.000012
659.846065,-0.000001
659.965497,0.000001
660.084929,0.000002
660.204363,0.000004
660.323797,-0.000017
660.443232,-0.000006
660.562668,0.000002
660.682105,-0.000006
660.801542,-0.000014
660.920981,0.000001
661.04042,0.000005
661.15986,0.000001
661.279301,0.000005
661.398743,0.000007
661.518186,0.000002
661.63763,0.000007
661.757074,-0.000011
661.876519,0.000004
661.995965,-0.000004
662.115412,0.00001
662.23486,-0.000001
662.354309,0.00001
662.473758,0.000012
662.593208,-0.000012
662.712659,-0.000004
662.832111,-0.000003
662.951564,-0.000014
663.071017,0.000001
663.190471,0.000002
663.309927,0.000004
663.429382,-0.000001
663.548839,-0.000012
663.668297,0.000005
663.787755,0.000004
663.907214,0.000002
664.026674,0.000004
664.146135,-0.000004
664.265596,0.000004
664.385058,0.000002
664.504521,0.000007
664.623985,0.000008
664.74345,-0.000003
664.862915,-0.000004
664.982381,0.000004
665.101848,-0.000004
665.221316,0.000001
665.340784,0.000005
665.460254,0.000004
665.579724,0.000018
665.699194,0.000007
665.818666,0.000005
665.938138,0.00001
666.057611,0.000005
666.177085,-0.000003
666.296559,0.000002
666.416034,0.000016
666.53551,-0.000001
666.654987,0.000007
666.774465,0.000005
666.893943,-0.000006
667.013422,0.000012
667.132901,0.000007
667.252382,0.000012
667.371863,-0.000003
667.491345,0.000005
667.610827,-0.000003
667.73031,-0.000023
667.849794,-0.000031
667.969279,-0.000023
668.088765,-0.000028
668.208251,-0.000017
668.327737,-0.000012
668.447225,-0.000014
668.566713,-0.000012
668.686202,0.000002
668.805692,-0.000025
668.925182,-0.000007
669.044673,-0.000031
669.164165,-0.000004
669.283657,-0.000025
669.40315,-0.00002
669.522644,0.000013
669.642138,0.000012
669.761633,0.000001
669.881129,-0.000011
670.000626,-0.000006
670.120123,-0.000001
670.23962,-0.000003
670.359119,-0.000001
670.478618,0.000004
670.598118,0.000008
670.717618,0.000007
670.837119,-0.000039
670.956621,0.000038
671.076123,-0.000033
671.195626,0.000026
671.31513,-0.000042
671.434634,0.000054
671.554139,-0.000029
671.673645,0.000045
671.793151,-0.000042
671.912658,0.000048
672.032165,-0.000039
672.151674,0.000029
672.271182,-0.000039
672.390692,0.000038
672.510202,-0.000033
672.629712,0.000038
672.749223,-0.000039
672.868735,0.000038
672.988248,-0.000036
673.107761,0.000032
673.227274,-0.000033
673.346789,0.000054
673.466304,-0.000036
673.585819,0.000035
673.705335,-0.000042
673.824852,0.000051
673.944369,-0.000033
674.063887,0.000048
674.183405,-0.000033
674.302924,0.000032
674.422444,-0.000029
674.541964,0.000035
674.661485,-0.000061
674.781006,0.000045
674.900528,-0.000039
675.020051,0.000042
675.139574,-0.000048
675.259097,0.000045
675.378621,-0.000058
675.498146,0.000048
675.617671,-0.000036
675.737197,0.000029
675.856724,-0.000036
675.976251,0.000035
676.095778,-0.000039
676.215306,0.000035
676.334835,-0.000048
676.454364,0.000026
676.573894,-0.000029
676.693424,0.000045
676.812955,-0.000042
676.932486,0.000045
677.052018,-0.000042
677.17155,0.000048
677.291083,-0.000026
677.410616,0.000035
677.53015,-0.000042
677.649684,0.000026
677.769219,-0.000039
677.888755,0.000035
678.008291,-0.000039
678.127827,0.000035
678.247364,-0.000029
678.366902,0.000045
678.48644,-0.000055
678.605978,0.000038
678.725517,-0.000033
678.845056,0.000029
678.964596,-0.000033
679.084137,0.000051
679.203678,-0.000052
679.323219,0.000042
679.442761,-0.000036
679.562303,0.000029
679.681846,-0.000042
679.80139,0.000042
679.920933,-0.000045
680.040478,0.000042
680.160022,-0.000033
680.279567,0.000038
680.399113,-0.000033
680.518659,0.000042
680.638206,-0.000033
680.757753,0.000051
680.8773,-0.000033
680.996848,0.000054
681.116397,-0.000039
681.235945,0.000048
681.355495,-0.000039
681.475044,0.000029
681.594594,-0.000033
681.714145,0.000042
681.833696,-0.000029
681.953247,0.000042
682.072799,-0.000033
682.192352,0.000032
682.311904,-0.000039
682.431457,0.000035
682.551011,-0.000039
682.670565,0.000064
682.790119,-0.000033
682.909674,0.000054
683.029229,-0.000042
683.148785,0.000029
683.268341,-0.000029
683.387897,0.000029
683.507454,-0.000067
683.627011,0.000032
683.746569,-0.000042
683.866127,0.000054
683.985685,-0.000039
684.105244,0.000032
684.224803,-0.000039
684.344363,0.000045
684.463922,-0.000048
684.583483,0.000038
684.703043,-0.000029
684.822604,0.000035
684.942166,-0.000048
685.061728,0.000042
685.18129,-0.000029
685.300852,0.000032
685.420415,-0.000045
685.539978,0.000032
685.659542,-0.000039
685.779106,0.000045
685.89867,-0.000033
686.018235,0.000042
686.1378,-0.000039
686.257365,0.000057
686.376931,-0.000036
686.496497,0.000035
686.616063,-0.000042
686.73563,0.000045
686.855197,-0.000042
686.974764,0.000042
687.094332,-0.000048
687.2139,0.000032
687.333468,-0.000036
687.453036,0.000038
687.572605,-0.000033
687.692175,0.000029
687.811744,-0.000045
687.931314,0.000042
688.050884,-0.000033
688.170455,0.000042
688.290025,-0.000033
688.409597,0.000035
688.529168,-0.000033
688.64874,0.000051
688.768312,-0.000045
688.887884,0.000038
689.007456,-0.000039
689.127029,0.000038
689.246602,-0.000042
689.366176,0.000035
689.485749,-0.000023
689.605323,0.000051
689.724898,-0.000029
689.844472,0.000042
689.964047,-0.000045
690.083622,0.000045
690.203197,-0.000052
690.322773,0.000019
690.442348,-0.000061
690.561925,0.000038
690.681501,-0.000042
690.801077,0.000042
690.920654,-0.000058
691.040231,0.000026
691.159809,-0.000042
691.279386,0.000038
691.398964,-0.000042
691.518542,0.000035
691.63812,-0.000033
691.757699,0.000051
691.877277,-0.000033
691.996856,0.000029
692.116436,-0.000036
692.236015,0.000035
692.355595,-0.000042
692.475175,0.000045
692.594755,-0.000042
692.714335,0.000035
692.833915,-0.000036
692.953496,0.000029
693.073077,-0.000029
693.192658,0.000038
693.312239,-0.000042
693.431821,0.000038
693.551402,-0.000055
693.670984,0.000045
693.790566,-0.000042
693.910149,0.000038
694.029731,-0.000036
694.149314,0.000038
694.268897,-0.000029
694.38848,0.000038
694.508063,-0.000029
694.627646,0.000038
694.74723,-0.000045
694.866813,0.000048
694.986397,-0.000036
695.105981,0.000038
695.225565,-0.000042
695.34515,0.000038
695.464734,-0.000042
695.584319,0.000029
695.703904,-0.000036
695.823489,0.000035
695.943074,-0.000023
696.062659,0.000032
696.182245,-0.000042
696.30183,0.000038
696.421416,-0.000036
696.541002,0.000051
696.660588,-0.000026
696.780174,0.000045
696.89976,-0.000039
697.019346,0.000045
697.138933,-0.000039
697.258519,0.000054
697.378106,-0.000029
697.497693,0.000038
697.61728,-0.000029
697.736867,0.000042
697.856454,-0.000036
697.976041,0.000042
698.095628,-0.000029
698.215216,0.000045
698.334803,-0.000042
698.454391,0.000051
698.573979,-0.000045
698.693567,0.000045
698.813155,-0.000039
698.932743,0.000045
699.052331,-0.000036
699.171919,0.000035
699.291507,-0.000042
699.411096,0.000042
699.530684,-0.000036
699.650273,0.000045
699.769861,-0.000042
699.88945,0.000038
700.009038,-0.000036
700.128627,0.000045
700.248216,-0.000042
700.367805,0.000042
700.487394,-0.000036
700.606983,0.000035
700.726572,-0.000052
700.846161,0.000042
700.96575,-0.000042
701.085339,0.000029
701.204929,-0.000039
701.324518,0.000045
701.444107,-0.000007
701.563696,-0.000006
701.683286,0.000005
701.802875,0.000004
701.922465,-0.000007
702.042054,0.000004
702.161644,-0.000004
702.281233,-0.000015
702.400823,0.000012
702.520412,-0.000006
702.640002,-0.000001
702.759591,-0.000003
702.879181,-0.000004
702.99877,0.000004
703.11836,0.000005
703.237949,-0.000012
703.357539,-0.000004
703.477129,0.000004
703.596718,0.000002
703.716308,0.000004
703.835897,-0.000004
703.955487,0.000001
704.075076,0.000015
704.194666,-0.000006
704.314255,-0.000004
704.433845,-0.000006
704.553434,0.000002
704.673023,0.000004
704.792613,0.000008
704.912202,-0.000003
705.031791,-0.000004
705.151381,0.000001
705.27097,0.000002
705.390559,0.000001
705.510148,0.000005
705.629737,0.000001
705.749326,0.000002
705.868915,0.000001
705.988504,0.000005
706.108093,0.000001
706.227682,-0.000004
706.34727,0.000004
706.466859,-0.000017
706.586448,0.000004
706.706036,-0.000011
706.825625,-0.000003
706.945213,0.000008
707.064801,0.000013
707.18439,-0.000001
707.303978,-0.000012
707.423566,-0.000004
707.543154,0.000001
707.662742,-0.000004
707.78233,0.000004
707.901917,0.000002
708.021505,0.000001
708.141092,-0.000011
708.26068,-0.000003
708.380267,0.000018
708.499854,0.000013
708.619441,0.000008
708.739028,-0.000009
708.858615,-0.000004
708.978202,0.000004
709.097789,-0.000004
709.217375,0.00001
709.336962,0.000005
709.456548,0.000016
709.576134,0.000008
709.69572,-0.000006
709.815306,-0.000007
709.934892,0.000007
710.054477,-0.000001
710.174063,0.000001
710.293648,0.000015
710.413233,0.000001
710.532818,0.000015
710.652403,0.000007
710.771988,0.000002
710.891572,0.000004
711.011157,0.000005
711.130741,0.000001
711.250325,-0.000004
711.369909,0.000007
711.489493,-0.000004
711.609077,-0.000018
711.72866,-0.000001
711.848243,0.00001
711.967826,0.000005
712.087409,0.000001
712.206992,-0.000007
712.326575,0.000007
712.446157,0.000008
712.565739,-0.000006
712.685321,-0.000007
712.804903,-0.000003
712.924484,0.000008
713.044066,-0.000009
713.163647,0.000002
713.283228,-0.000003
713.402809,0.000012
713.522389,-0.000006
713.64197,0.000008
713.76155,0.00001
713.88113,0.000002
714.00071,0.000007
714.120289,0.000005
714.239868,0.000001
714.359447,0.000012
714.479026,0.000001
714.598605,0.000012
714.718183,-0.000006
714.837761,-0.000007
714.957339,0.000007
715.076917,0.000008
715.196494,0.000004
715.316072,-0.000004
715.435649,0.000007
715.555225,0.000008
715.674802,0.000004
715.794378,0.000008
715.913954,0.000007
716.03353,0.000002
716.153105,0.000007
716.27268,0.000005
716.392255,0.000013
716.51183,-0.000007
716.631404,0.000007
716.750978,0.000005
716.870552,0.00001
716.990125,0.000005
717.109699,0.00001
717.229272,0.000018
717.348844,0.000004
717.468417,0.000005
717.587989,-0.000009
717.707561,0.000008
717.827132,-0.000003
717.946703,-0.000001
718.066274,-0.000003
718.185845,0.000002
718.305415,0.000004
718.424985,0.000002
718.544555,0.000013
718.664124,0.000002
718.783693,0.000001
718.903262,0.000002
719.022831,0.000004
719.142399,0.000005
719.261967,0.000007
719.381534,-0.000007
719.501101,0.000007
719.620668,0.000002
719.740235,0.00001
719.859801,-0.000004
719.979367,0.000007
720.098932,-0.000007
720.218497,-0.000006
720.338062,-0.000001
720.457626,0.000001
720.577191,0.000002
720.696754,-0.000003
720.816318,0.000012
720.935881,-0.000003
721.055443,-0.000004
721.175006,0.000001
721.294568,0.000002
721.414129,0.000001
721.53369,-0.000001
721.653251,0.000004
721.772812,0.000008
721.892372,0.000004
722.011932,0.000008
722.131491,0.000007
722.25105,0.000002
722.370608,0.000001
722.490167,0.000002
722.609724,-0.000003
722.729282,-0.000007
722.848839,0.000016
722.968395,0.000005
723.087952,0.000001
723.207507,0.000008
723.327063,0.000007
723.446618,0.000012
723.566172,0.000004
723.685726,-0.000007
723.80528,-0.000012
723.924833,0.000012
724.044386,0.000007
724.163939,0.000002
724.283491,0.000007
724.403043,-0.000001
724.522594,-0.000006
724.642145,-0.000014
724.761695,0.000016
724.881245,0.000008
725.000794,0.000007
725.120343,0.000005
725.239892,0.000004
725.35944,0.000002
725.478988,0.000016
725.598535,0.000008
725.718082,0.00001
725.837628,0.000005
725.957174,0.000004
726.076719,-0.000004
726.196264,-0.000006
726.315809,-0.000007
726.435353,-0.000006
726.554896,-0.000007
726.674439,-0.000003
726.793982,0.000002
726.913524,-0.000006
727.033066,-0.000001
727.152607,-0.000009
727.272148,-0.000001
727.391688,-0.000006
727.511227,0.000002
727.630767,0.000001
727.750305,-0.000004
727.869844,-0.000003
727.989381,0.000002
728.108918,-0.000012
728.228455,-0.000014
728.347991,-0.000009
728.467527,0.000008
728.587062,-0.000006
728.706597,0.000002
728.826131,-0.000003
728.945665,-0.000011
729.065198,-0.000009
729.18473,-0.000023
729.304262,0.002277
729.423794,0.020271
729.543325,0.021467
729.662855,0.007923
729.782385,0.001924
729.901915,0.000071
730.021444,-0.000072
730.140972,-0.000064
730.2605,0.000407
730.380027,0.006327
730.499554,0.002573
730.61908,0.000135
730.738605,-0.000063
730.85813,-0.000045
730.977655,-0.000063
731.097179,-0.000052
731.216702,-0.000056
731.336225,-0.000055
731.455747,-0.000047
731.575268,-0.000039
731.69479,-0.000037
731.81431,-0.000039
731.93383,-0.000063
732.053349,-0.000077
732.172868,-0.000025
732.292386,-0.000099
732.411904,0.000001
732.531421,-0.00008
732.650937,0.000004
732.770453,-0.000077
732.889968,0.000013
733.009482,-0.000061
733.128996,0.000019
733.24851,-0.000042
733.368022,0.000042
733.487535,-0.000055
733.607046,0.000032
733.726557,-0.000052
733.846067,0.000051
733.965577,-0.000042
734.085086,0.000023
734.204594,-0.000055
734.324102,0.000035
734.443609,-0.000058
734.563116,0.000042
734.682622,-0.000036
734.802127,0.000035
734.921632,-0.000064
735.041136,0.000019
735.160639,-0.000052
735.280142,0.000029
735.399644,-0.000039
735.519145,0.000042
735.638646,-0.000036
735.758146,0.000045
735.877645,-0.000042
735.997144,0.000038
736.116642,-0.000033
736.23614,0.000054
736.355637,-0.000036
736.475133,0.000032
736.594628,-0.000048
736.714123,0.000045
736.833617,-0.000029
736.95311,0.000035
737.072603,-0.000036
737.192095,0.000029
737.311586,-0.000058
737.431077,0.000051
737.550567,-0.000036
737.670056,0.000029
737.789545,-0.000042
737.909033,0.000026
738.02852,-0.000042
738.148006,0.000042
738.267492,-0.000048
738.386977,0.000032
738.506461,-0.000045
738.625945,0.000038
738.745428,-0.000042
738.86491,0.000035
738.984391,-0.000033
739.103872,0.000038
739.223352,-0.000039
739.342831,0.000038
739.46231,-0.000029
739.581788,0.000042
739.701265,-0.000026
739.820741,0.000042
739.940217,-0.000029
740.059692,0.000038
740.179166,-0.000045
740.298639,0.000048
740.418112,-0.000042
740.537584,0.000045
740.657055,-0.000039
740.776525,0.000038
740.895995,-0.000036
741.015464,0.000057
741.134932,-0.000042
741.254399,0.000035
741.373865,-0.000039
741.493331,0.000045
741.612796,-0.000039
741.73226,0.000035
741.851724,-0.000033
741.971186,0.000035
742.090648,-0.000033
742.210109,0.000038
742.32957,-0.000039
742.449029,0.000045
742.568488,-0.000039
742.687946,0.000035
742.807403,-0.000023
742.926859,0.000045
743.046315,-0.00002
743.165769,0.00006
743.285223,-0.000023
743.404676,0.000051